date,Ticker,Price (R),Valuation Score,Momentum Score,Sharpe Score,Combined Score
2026-09-23,ABG,220.28,72,31,27,47
2026-09-23,ADH,51.8,15,94,99,63
2026-09-23,AEL,27.99,31,96,95,70
2026-09-23,AFE,101.42,5,22,21,15
2026-09-23,AGL,879.63,,92,90,91
2026-09-23,ANG,1617.01,34,82,75,61
2026-09-23,ANH,1261.17,17,74,69,50
2026-09-23,APN,158.64,,91,88,90
2026-09-23,ARI,162.78,71,7,13,34
2026-09-23,ARL,189.0,99,8,3,43
2026-09-23,ATT,18.0,61,51,44,54
2026-09-23,AVI,84.97,48,15,4,26
2026-09-23,BAT,2.12,88,38,35,57
2026-09-23,BHG,697.55,11,90,89,58
2026-09-23,BID,441.75,18,72,77,51
2026-09-23,BLU,7.97,,29,31,30
2026-09-23,BOX,81.5,7,55,55,36
2026-09-23,BTI,912.28,27,33,32,30
2026-09-23,BTN,9.9,56,63,65,61
2026-09-23,BVT,228.77,37,48,40,42
2026-09-23,BYI,97.12,12,97,96,63
2026-09-23,CFR,3380.8,3,83,82,51
2026-09-23,CLS,212.0,24,5,6,13
2026-09-23,CML,42.67,63,40,34,48
2026-09-23,CPI,4477.09,4,72,73,45
2026-09-23,DCP,26.65,9,10,6,9
2026-09-23,DRD,41.93,66,26,36,44
2026-09-23,DSY,262.78,32,61,60,49
2026-09-23,DTC,80.12,36,85,85,65
2026-09-23,EQU,18.1,54,61,61,58
2026-09-23,EXX,177.29,89,14,10,43
2026-09-23,FBR,51.73,65,44,40,52
2026-09-23,FFB,25.53,92,70,69,79
2026-09-23,FSR,92.68,33,61,60,50
2026-09-23,FTB,7.13,100,79,80,88
2026-09-23,GFI,669.53,70,42,52,55
2026-09-23,GLN,119.15,20,49,49,37
2026-09-23,GND,29.12,21,100,100,68
2026-09-23,GRT,16.04,77,43,33,55
2026-09-23,HAR,305.7,85,93,86,88
2026-09-23,HCI,165.1,98,56,56,73
2026-09-23,HMN,74.41,68,53,47,58
2026-09-23,HYP,61.61,83,81,83,82
2026-09-23,IMP,198.74,94,21,42,54
2026-09-23,INP,138.31,69,66,66,67
2026-09-23,JSE,153.53,51,35,27,40
2026-09-23,KAP,2.84,,99,98,99
2026-09-23,KIO,227.0,87,9,7,40
2026-09-23,KST,32.35,8,88,92,57
2026-09-23,LHC,11.66,39,67,66,56
2026-09-23,LTE,8.27,62,69,70,66
2026-09-23,MNP,180.5,,39,37,38
2026-09-23,MRP,161.69,46,59,62,54
2026-09-23,MSP,20.89,45,76,76,64
2026-09-23,MTH,112.6,86,30,29,52
2026-09-23,MTM,38.98,64,77,80,72
2026-09-23,MTN,193.67,16,44,47,33
2026-09-23,NED,292.87,22,80,81,57
2026-09-23,NPH,266.07,74,18,31,43
2026-09-23,NPN,711.82,78,13,17,40
2026-09-23,NRP,145.0,52,68,72,62
2026-09-23,NTC,17.75,41,75,78,62
2026-09-23,NY1,43.78,44,19,14,28
2026-09-23,OCE,64.39,49,81,79,68
2026-09-23,OMN,122.39,28,95,97,69
2026-09-23,OMU,13.77,76,46,40,57
2026-09-23,OUT,84.18,10,89,91,58
2026-09-23,PAN,27.7,58,37,50,48
2026-09-23,PHP,20.0,23,34,53,33
2026-09-23,PIK,19.14,,47,51,48
2026-09-23,PMR,184.0,19,69,68,49
2026-09-23,PPC,7.95,30,94,94,68
2026-09-23,PPH,18.15,47,11,8,25
2026-09-23,PRX,669.68,73,17,18,40
2026-09-23,QLT,39.5,14,52,45,35
2026-09-23,RBX,41.54,82,20,16,44
2026-09-23,RDF,6.05,84,45,42,60
2026-09-23,REM,207.16,1,84,87,51
2026-09-23,RES,77.63,97,37,25,59
2026-09-23,RLO,57.69,55,23,24,36
2026-09-23,RNI,439.62,,12,5,10
2026-09-23,S32,56.2,25,86,85,61
2026-09-23,SAC,3.5,43,57,57,51
2026-09-23,SAP,12.8,,6,23,12
2026-09-23,SBK,306.46,57,54,48,54
2026-09-23,SDO,16.25,2,98,95,59
2026-09-23,SEA,12.77,90,56,56,70
2026-09-23,SHP,321.77,13,87,93,59
2026-09-23,SLM,81.24,60,27,20,39
2026-09-23,SNT,403.81,53,50,44,50
2026-09-23,SOL,231.49,40,78,71,61
2026-09-23,SPG,18.16,96,65,64,77
2026-09-23,SPP,44.09,6,2,9,5
2026-09-23,SRE,19.6,79,28,19,47
2026-09-23,SSS,15.8,81,25,15,45
2026-09-23,SSW,43.26,67,24,38,44
2026-09-23,SUI,45.22,80,64,63,70
2026-09-23,TBS,268.39,38,31,19,31
2026-09-23,TFG,50.34,42,3,11,20
2026-09-23,TGA,120.93,,6,26,13
2026-09-23,TKG,52.68,75,19,23,42
2026-09-23,TRU,42.42,93,16,12,46
2026-09-23,VAL,1305.02,59,41,53,51
2026-09-23,VKE,24.12,95,72,75,82
2026-09-23,VOD,150.08,26,58,58,45
2026-09-23,WBC,28.49,35,1,1,15
2026-09-23,WBO,139.5,91,32,30,55
2026-09-23,WHL,37.14,29,4,2,14
2026-09-25,ABG,218.28,69,29,22,44
2026-09-25,ADH,51.79,15,93,98,63
2026-09-25,AEL,27.33,33,96,93,70
2026-09-25,AFE,101.85,5,28,25,18
2026-09-25,AGL,872.24,,91,90,91
2026-09-25,ANG,1598.39,35,65,70,54
2026-09-25,ANH,1263.21,17,78,77,53
2026-09-25,APN,157.01,,89,88,89
2026-09-25,ARI,158.75,73,3,11,33
2026-09-25,ARL,187.38,99,9,3,44
2026-09-25,ATT,17.99,61,56,53,57
2026-09-25,AVI,84.39,48,16,5,27
2026-09-25,BAT,2.08,92,41,45,62
2026-09-25,BHG,690.7,11,87,87,57
2026-09-25,BID,437.76,18,79,79,55
2026-09-25,BLU,7.52,,20,21,20
2026-09-25,BOX,82.0,7,77,74,48
2026-09-25,BTI,904.84,28,36,33,32
2026-09-25,BTN,9.85,56,71,72,65
2026-09-25,BVT,223.0,41,46,37,42
2026-09-25,BYI,95.17,13,99,99,65
2026-09-25,CFR,3374.4,4,83,81,51
2026-09-25,CLS,210.99,23,7,7,13
2026-09-25,CML,42.5,62,42,36,49
2026-09-25,CPI,4477.55,3,68,67,42
2026-09-25,DCP,26.52,8,6,4,6
2026-09-25,DRD,41.12,66,21,34,42
2026-09-25,DSY,261.02,32,56,53,46
2026-09-25,DTC,80.36,37,84,84,65
2026-09-25,EQU,17.98,54,66,65,61
2026-09-25,EXX,176.55,89,17,12,45
2026-09-25,FFB,25.48,91,76,76,82
2026-09-25,FSR,91.93,34,57,54,47
2026-09-25,FTB,7.1,100,79,79,87
2026-09-25,GFI,657.52,68,31,47,49
2026-09-25,GLN,120.0,20,44,46,35
2026-09-25,GND,28.77,21,100,100,68
2026-09-25,GRT,16.03,77,43,36,55
2026-09-25,HAR,305.64,85,92,86,88
2026-09-25,HCI,162.39,98,59,56,74
2026-09-25,HMN,74.36,65,71,71,69
2026-09-25,HYP,61.67,83,82,85,83
2026-09-25,IMP,201.6,93,25,49,57
2026-09-25,INP,132.89,67,52,50,58
2026-09-25,JSE,153.53,51,38,29,41
2026-09-25,KAP,2.83,,98,97,98
2026-09-25,KIO,223.83,90,8,6,40
2026-09-25,KST,31.8,9,88,91,57
2026-09-25,LHC,11.76,39,60,62,52
2026-09-25,LTE,8.22,63,80,82,74
2026-09-25,MNP,178.11,,33,34,33
2026-09-25,MRP,162.97,47,58,63,55
2026-09-25,MSP,21.12,45,73,73,62
2026-09-25,MTH,111.02,86,36,31,55
2026-09-25,MTM,38.51,71,63,60,66
2026-09-25,MTN,194.39,16,40,44,31
2026-09-25,NED,290.1,22,69,68,50
2026-09-25,NPH,266.43,72,13,30,40
2026-09-25,NPN,709.38,78,12,19,40
2026-09-25,NRP,143.79,53,64,59,59
2026-09-25,NTC,17.62,42,67,66,57
2026-09-25,NY1,43.31,46,23,17,31
2026-09-25,OCE,64.0,50,93,92,76
2026-09-25,OMN,122.2,29,94,95,68
2026-09-25,OMU,13.72,76,50,40,58
2026-09-25,OUT,83.67,10,86,89,56
2026-09-25,PAN,26.49,59,24,43,42
2026-09-25,PHP,19.33,24,37,58,36
2026-09-25,PIK,19.04,,51,55,52
2026-09-25,PMR,183.0,19,64,64,46
2026-09-25,PPC,7.93,30,95,96,69
2026-09-25,PPH,17.82,49,11,8,26
2026-09-25,PRX,668.97,70,19,21,40
2026-09-25,QLT,38.78,14,48,40,33
2026-09-25,RBX,41.33,82,21,16,44
2026-09-25,RDF,6.06,84,50,48,63
2026-09-25,REM,204.69,1,81,81,49
2026-09-25,RES,77.07,97,39,28,60
2026-09-25,RLO,57.05,55,26,24,37
2026-09-25,RNI,437.56,,14,7,12
2026-09-25,S32,55.95,27,85,83,61
2026-09-25,SAC,3.49,43,62,63,55
2026-09-25,SAP,12.34,,5,26,12
2026-09-25,SBK,300.72,57,48,42,50
2026-09-25,SDO,16.25,2,97,94,58
2026-09-25,SEA,12.8,87,61,57,71
2026-09-25,SHP,319.0,12,90,93,59
2026-09-25,SLM,80.2,60,27,15,38
2026-09-25,SNT,404.0,52,54,50,52
2026-09-25,SOL,231.0,40,73,74,60
2026-09-25,SPG,18.03,96,70,70,80
2026-09-25,SPP,45.44,6,4,13,7
2026-09-25,SRE,19.44,81,35,24,51
2026-09-25,SSS,15.75,80,34,18,49
2026-09-25,SSW,43.16,64,23,38,42
2026-09-25,SUI,44.76,79,45,40,58
2026-09-25,TBS,269.33,38,30,14,30
2026-09-25,TFG,48.31,44,2,9,20
2026-09-25,TGA,115.12,,10,32,17
2026-09-25,TKG,52.38,74,18,20,41
2026-09-25,TRU,42.01,94,15,10,46
2026-09-25,VAL,1317.17,58,46,60,54
2026-09-25,VKE,24.28,95,75,78,84
2026-09-25,VOD,151.0,26,53,51,42
2026-09-25,WBC,28.43,36,1,1,15
2026-09-25,WBO,139.43,88,32,27,53
2026-09-25,WHL,36.45,31,7,2,16
2026-09-28,ABG,217.43,69,35,26,47
2026-09-28,ADH,52.16,15,94,98,63
2026-09-28,AEL,27.2,33,96,93,70
2026-09-28,AFE,101.68,5,25,19,16
2026-09-28,AGL,864.41,,92,87,90
2026-09-28,ANG,1518.79,39,38,49,41
2026-09-28,ANH,1268.12,17,72,71,50
2026-09-28,APN,159.23,,93,89,92
2026-09-28,ARI,154.13,71,1,9,31
2026-09-28,ARL,184.75,99,6,1,42
2026-09-28,ATT,17.92,60,72,72,67
2026-09-28,AVI,84.52,47,17,6,27
2026-09-28,BAT,2.06,92,41,44,62
2026-09-28,BHG,687.92,12,83,81,54
2026-09-28,BID,437.37,18,67,69,48
2026-09-28,BLU,7.28,,23,19,22
2026-09-28,BOX,80.39,8,69,68,44
2026-09-28,BTI,920.24,25,33,31,29
2026-09-28,BTN,9.69,56,62,66,60
2026-09-28,BVT,224.91,38,49,44,44
2026-09-28,BYI,95.0,14,100,99,65
2026-09-28,CFR,3403.27,3,85,84,52
2026-09-28,CLS,213.19,24,10,7,15
2026-09-28,CML,42.51,62,42,40,50
2026-09-28,CPI,4450.84,4,76,78,48
2026-09-28,DCP,27.25,7,10,5,8
2026-09-28,DIB,6.9,84,56,53,67
2026-09-28,DRD,40.0,67,18,31,40
2026-09-28,DSY,261.31,31,59,58,48
2026-09-28,DTC,80.52,35,86,83,65
2026-09-28,EQU,17.84,54,62,65,59
2026-09-28,EXX,177.33,87,13,8,42
2026-09-28,FFB,25.26,91,78,77,83
2026-09-28,FSR,92.3,32,68,67,53
2026-09-28,FTB,7.16,100,80,81,88
2026-09-28,GFI,578.4,76,12,28,41
2026-09-28,GLN,119.9,20,37,39,31
2026-09-28,GND,28.27,21,99,100,68
2026-09-28,GRT,16.06,75,47,43,57
2026-09-28,HAR,289.26,86,87,80,85
2026-09-28,HCI,160.4,98,38,36,62
2026-09-28,HMN,74.85,64,81,81,74
2026-09-28,HYP,61.5,83,84,88,84
2026-09-28,IMP,192.89,94,16,41,52
2026-09-28,INP,133.94,65,58,57,61
2026-09-28,JSE,153.0,49,43,33,43
2026-09-28,KAP,2.82,,97,97,97
2026-09-28,KIO,220.74,90,3,4,38
2026-09-28,KST,31.6,10,91,94,59
2026-09-28,LHC,11.74,36,55,54,47
2026-09-28,LTE,8.26,63,81,86,75
2026-09-28,MNP,175.57,,35,35,35
2026-09-28,MRP,164.07,45,79,76,65
2026-09-28,MSP,21.0,46,69,69,60
2026-09-28,MTH,111.85,85,48,45,62
2026-09-28,MTM,38.63,70,73,74,72
2026-09-28,MTN,195.03,16,51,52,37
2026-09-28,NED,289.47,23,74,75,54
2026-09-28,NPH,255.0,72,11,22,38
2026-09-28,NPN,718.39,77,20,25,44
2026-09-28,NRP,144.32,52,60,61,57
2026-09-28,NTC,17.67,41,70,73,59
2026-09-28,NY1,43.46,44,24,17,31
2026-09-28,OCE,62.92,51,89,89,74
2026-09-28,OMN,123.0,28,94,95,68
2026-09-28,OMU,13.68,74,45,41,56
2026-09-28,OUT,84.3,9,90,92,58
2026-09-28,PAN,25.53,61,19,37,39
2026-09-28,PHP,20.2,22,44,56,38
2026-09-28,PIK,18.85,,47,51,48
2026-09-28,PMR,183.0,19,65,63,46
2026-09-28,PPC,7.71,30,95,94,69
2026-09-28,PPH,17.9,48,15,10,27
2026-09-28,PRX,673.92,68,27,30,44
2026-09-28,QLT,39.03,13,51,48,35
2026-09-28,RBX,40.95,82,21,13,44
2026-09-28,RDF,6.11,81,56,55,66
2026-09-28,REM,205.19,1,82,85,50
2026-09-28,RES,76.98,96,44,32,62
2026-09-28,RLO,57.23,55,28,22,38
2026-09-28,RNI,432.4,,14,6,11
2026-09-28,S32,56.1,26,75,71,55
2026-09-28,SAC,3.46,43,66,63,56
2026-09-28,SAP,12.31,,8,25,14
2026-09-28,SBK,301.39,57,50,48,52
2026-09-28,SDO,16.66,2,98,96,59
2026-09-28,SEA,12.75,89,62,63,73
2026-09-28,SHP,323.43,11,88,91,58
2026-09-28,SLM,79.95,59,31,18,40
2026-09-28,SNT,400.0,53,54,50,53
2026-09-28,SOL,230.24,40,53,59,49
2026-09-28,SPG,17.48,97,62,61,76
2026-09-28,SPP,45.8,6,6,14,8
2026-09-28,SRE,19.47,79,36,28,52
2026-09-28,SSS,15.51,80,33,16,48
2026-09-28,SSW,41.39,66,22,38,43
2026-09-28,SUI,44.71,78,40,34,54
2026-09-28,TBS,267.5,37,29,12,29
2026-09-28,TFG,49.41,42,5,11,21
2026-09-28,TGA,120.07,,2,20,8
2026-09-28,TKG,52.14,73,26,27,45
2026-09-28,TRU,42.34,93,19,15,48
2026-09-28,VAL,1250.47,58,30,46,44
2026-09-28,VKE,24.26,95,77,79,85
2026-09-28,VOD,150.52,27,57,56,45
2026-09-28,WBC,28.09,34,4,3,16
2026-09-28,WBO,139.95,88,31,22,52
2026-09-28,WHL,36.6,29,7,2,15
