date,BHG,ANH,CFR,BTI,PRX,GLN,AGL,ANG,GFI,NPN,FSR,CPI,SBK,MTN,VAL,VOD,S32,HAR,IMP,ABG,DSY,SHP,SLM,BID,SOL,NED,OUT,SSW,REM,NPH,NRP,INP,RNI,MNP,BVT,KIO,APN,PPH,PAN,OMU,GRT,QLT,PHP,MTM,CLS,SNT,HMN,RDF,EXX,MRP,NY1,KST,TBS,BOX,DRD,VKE,WHL,ARI,FFB,SRE,PMR,AVI,ADH,TKG,RES,HYP,DCP,BYI,NTC,DTC,GND,OMN,MTH,LTE,LHC,TFG,EQU,TRU,FTB,CML,TGA,PIK,MSP,SDO,JSE,ATT,HCI,WBC,PPC,AEL,SUI,AFE,SAC,RLO,SPP,OCE,BAT,SSS,SAP,BTN,RBX,ARL,WBO,BLU,KAP,SEA,SPG,FBR
2026-03-23,571.94,1154.15,2950.03,961.59,801.8,117.55,688.24,1426.84,676.34,886.0,87.85,4102.11,299.6,192.82,1325.05,142.83,46.9,238.98,226.0,234.52,249.13,268.5,87.71,404.61,208.45,263.03,69.19,47.57,178.98,316.68,134.82,129.11,551.47,185.37,226.49,296.69,128.41,23.1,28.7,13.66,16.12,38.7,20.98,35.15,289.14,397.75,72.84,6.01,217.81,153.43,50.3,26.62,284.4,78.75,45.34,22.09,51.1,215.62,23.46,21.06,169.5,102.48,38.39,60.18,80.48,55.29,34.01,69.13,16.04,67.31,18.04,90.45,120.01,7.65,10.86,70.16,17.16,51.0,6.41,43.45,162.0,18.97,18.85,11.39,159.79,17.69,158.82,42.95,6.1,20.16,42.66,112.85,3.35,64.07,64.75,57.29,2.19,17.11,17.23,9.34,47.25,249.25,147.57,8.51,1.77,12.25,17.04,51.8
2026-03-24,581.82,1163.8,2973.15,983.0,783.5,119.54,687.93,1451.82,689.96,865.93,86.49,4101.0,299.1,199.05,1312.84,147.31,47.32,237.01,221.36,235.54,249.31,271.51,87.53,400.18,216.63,265.64,69.96,48.0,181.96,319.7,136.2,128.72,546.62,188.39,227.0,303.96,130.0,22.62,29.34,13.53,16.26,38.74,21.0,35.68,284.61,400.13,73.09,6.03,221.32,155.0,49.21,26.12,295.36,78.99,46.37,22.29,51.33,220.33,23.29,21.12,178.79,103.5,38.63,62.65,79.94,55.41,34.79,58.5,16.56,67.96,18.04,91.61,122.13,7.6,11.16,70.4,17.08,51.51,6.44,43.28,167.0,18.42,19.7,11.3,160.66,17.79,157.0,42.7,5.8,20.06,43.59,113.5,3.32,64.61,62.75,56.39,2.17,17.17,16.79,9.25,46.66,251.04,146.99,8.68,1.74,12.3,16.95,51.69
2026-03-25,595.82,1168.71,3005.4,971.72,810.29,123.2,719.08,1533.9,727.47,908.47,90.11,4247.3,305.55,203.7,1346.27,149.48,48.6,251.0,232.63,244.14,256.56,266.98,91.43,404.26,215.47,275.1,72.26,50.17,185.74,339.52,138.28,131.7,554.5,194.36,227.79,311.2,131.94,23.28,30.59,13.92,16.48,39.4,20.63,37.15,294.17,397.78,70.05,6.1,214.51,159.27,50.33,26.89,299.5,76.01,47.86,22.55,50.91,229.75,23.64,20.98,176.12,103.74,39.89,63.55,81.15,55.77,37.14,61.05,16.82,69.99,18.02,93.87,119.26,7.48,11.41,72.21,17.23,52.71,6.51,44.19,155.0,19.06,19.7,11.5,162.51,17.69,158.24,43.5,5.98,20.0,45.83,115.24,3.37,65.48,64.48,52.13,2.17,17.19,17.47,9.28,48.12,253.0,153.35,8.85,1.82,12.4,16.99,52.19
2026-03-26,584.28,1174.2,3034.89,980.5,789.53,120.71,695.19,1508.82,712.8,882.34,88.04,4261.13,300.9,199.36,1303.39,150.07,47.62,246.09,225.24,241.97,254.05,277.0,90.32,406.03,219.5,274.15,71.7,49.07,186.97,332.61,137.0,131.67,550.9,196.39,228.25,311.29,130.17,23.1,30.33,13.92,16.37,39.44,20.73,36.32,294.98,396.62,69.73,6.02,212.66,153.4,50.53,26.99,304.75,78.5,47.22,22.11,51.31,225.65,23.26,21.09,176.44,103.0,40.26,62.99,79.96,54.49,37.27,60.43,16.83,69.68,18.1,94.2,116.8,7.48,11.29,71.52,17.0,51.29,6.52,43.72,158.73,19.31,19.38,11.54,161.96,17.44,164.34,43.07,5.99,20.03,46.5,116.24,3.3,64.84,65.0,52.44,2.18,16.85,17.1,9.29,48.25,249.4,152.75,8.69,1.86,12.31,16.78,51.63
2026-03-27,595.62,1167.1,2958.57,987.0,765.23,121.9,696.07,1505.0,711.59,858.32,87.74,4181.65,297.81,194.6,1306.9,146.86,47.17,244.65,222.58,237.5,250.46,275.81,88.94,415.7,217.77,270.73,72.06,48.65,185.01,322.5,136.42,130.0,547.88,192.71,228.85,309.67,127.94,22.69,30.4,13.75,16.14,39.14,20.57,35.75,293.81,398.04,68.73,5.92,214.0,152.37,50.1,26.87,299.5,75.85,47.74,22.32,50.55,224.96,22.82,20.79,173.75,102.62,40.9,62.0,79.45,53.88,36.67,60.3,16.46,68.95,18.01,94.16,113.46,7.5,11.23,69.18,16.94,50.0,6.46,43.61,165.48,19.31,19.37,11.55,160.56,17.28,165.5,42.44,5.97,19.88,46.4,115.89,3.26,64.81,63.8,53.82,2.17,16.96,16.8,9.25,47.8,251.25,154.5,8.5,1.85,11.74,16.61,51.67
2026-03-30,603.0,1174.2,2936.24,999.5,763.1,125.69,701.56,1582.0,737.78,853.15,86.32,4081.62,298.55,192.5,1369.53,144.0,51.55,247.61,235.1,235.98,248.45,275.11,87.45,410.0,224.73,267.0,69.94,48.79,181.93,336.37,136.74,127.85,544.93,190.41,224.78,316.99,128.0,22.24,30.57,13.84,16.11,38.56,20.7,35.71,288.2,388.92,66.74,5.88,224.4,148.17,49.77,26.0,296.72,74.69,48.34,22.18,50.1,228.1,22.99,20.49,171.93,102.17,41.01,59.17,79.0,53.61,36.85,60.68,16.39,69.21,18.25,93.86,111.95,7.34,11.36,69.3,16.79,50.45,6.39,43.91,174.63,18.91,19.49,11.4,157.84,16.6,167.08,39.44,5.85,19.98,46.57,116.19,3.25,64.76,63.0,52.5,2.13,16.85,16.82,9.12,48.28,254.61,153.0,8.44,1.96,12.0,16.45,49.85
2026-03-31,606.0,1178.63,2958.61,992.08,768.65,127.99,720.0,1642.4,760.5,861.96,86.14,4122.35,304.45,195.45,1401.0,144.32,50.99,256.0,238.93,241.19,248.3,275.8,88.98,407.58,225.37,266.76,69.6,51.04,188.54,340.12,135.78,129.32,553.08,191.64,227.55,319.31,131.4,22.6,31.5,13.8,16.17,39.46,20.44,35.95,289.46,391.86,66.98,5.95,224.62,153.37,50.97,26.69,299.01,75.08,49.41,22.1,50.72,230.88,22.1,21.09,174.25,103.85,42.21,58.8,79.19,53.72,37.22,62.47,16.52,70.04,18.75,95.5,115.99,7.45,11.55,70.57,16.85,51.67,6.38,44.15,167.68,19.1,19.6,12.08,159.75,16.38,165.04,39.8,5.94,19.88,47.37,114.29,3.25,65.16,62.75,53.0,2.16,16.7,16.87,9.1,48.71,254.96,155.02,8.34,2.04,12.15,17.04,50.45
2026-04-01,619.38,1184.92,3013.75,961.54,789.55,125.84,748.88,1728.34,814.86,889.39,86.94,4239.92,307.85,196.72,1435.69,144.86,52.68,276.22,245.54,240.41,249.8,274.37,91.59,407.19,204.23,273.83,70.54,52.73,193.17,348.73,137.89,130.61,547.9,189.72,228.04,326.92,135.0,23.17,34.2,14.08,16.26,40.5,20.38,36.77,296.89,396.77,67.1,6.0,223.8,154.98,52.48,27.38,303.47,74.55,52.45,22.67,50.94,238.46,22.4,21.27,169.98,103.5,42.38,58.96,81.19,54.0,38.01,63.4,16.7,70.06,19.45,95.5,116.61,7.5,11.8,69.34,16.77,52.28,6.5,44.6,172.3,19.33,19.6,11.65,164.5,16.43,165.35,40.77,6.04,19.99,47.73,115.11,3.31,65.29,62.52,53.27,2.15,16.84,16.7,9.2,51.6,257.97,158.6,8.5,2.13,12.3,17.19,51.0
2026-04-02,614.88,1205.56,3018.81,988.62,781.25,126.52,737.76,1728.71,800.58,870.41,86.64,4223.89,310.32,194.11,1459.72,144.11,52.15,273.07,245.32,238.35,246.29,275.49,90.82,408.0,208.08,274.27,71.41,52.21,193.75,348.08,136.87,132.1,551.99,190.52,225.97,325.78,134.11,22.8,33.71,13.98,16.24,39.9,20.55,36.85,294.51,396.92,67.8,6.0,226.04,155.49,51.2,27.45,298.57,73.78,52.7,22.65,50.48,243.14,22.42,21.3,171.53,103.33,42.6,58.46,81.19,54.28,37.9,64.5,16.76,69.78,19.56,94.0,116.31,7.46,11.8,69.96,16.79,51.51,6.35,44.53,171.35,19.09,19.67,11.31,165.0,16.36,160.0,39.43,5.96,20.05,48.31,113.05,3.33,65.53,61.58,53.8,2.11,16.77,17.04,9.11,50.28,254.69,158.31,8.49,2.11,12.68,16.99,51.12
2026-04-07,616.0,1211.11,2986.28,996.0,777.02,125.26,733.68,1688.41,771.32,870.5,87.0,4215.83,311.9,195.05,1412.82,143.8,52.8,264.41,230.84,237.78,246.28,275.11,88.98,407.73,226.9,272.11,70.82,51.14,191.37,337.03,135.79,132.02,546.46,189.0,222.69,322.15,133.36,22.0,32.94,13.93,16.18,39.37,20.78,36.85,291.85,394.48,67.55,6.01,226.04,151.28,45.96,27.33,298.84,73.25,51.09,22.47,49.52,240.03,22.35,21.3,169.08,102.39,42.54,58.94,81.11,53.7,37.9,64.25,16.75,69.35,19.73,95.0,113.72,7.36,11.8,68.03,16.78,50.59,6.5,43.74,171.0,18.88,19.2,11.3,163.64,16.3,164.0,39.34,5.93,20.0,48.38,112.1,3.36,64.79,60.34,54.5,2.09,16.83,16.65,9.14,49.13,250.89,155.73,8.48,2.16,12.69,16.88,51.2
2026-04-08,630.4,1221.64,3147.99,968.31,808.08,123.33,766.39,1757.64,807.2,913.71,91.23,4405.61,329.41,199.08,1549.32,149.2,52.47,274.76,260.94,254.33,252.92,279.11,89.57,413.7,199.03,274.76,73.82,53.62,202.14,363.77,139.9,137.57,557.0,193.13,236.12,323.58,134.6,23.99,34.6,13.89,17.5,40.51,21.06,37.48,297.88,408.55,70.0,6.44,223.02,161.59,47.42,28.47,303.0,72.95,51.48,23.48,52.15,250.8,23.62,22.07,173.06,102.45,44.0,62.0,83.5,56.5,37.41,65.25,17.18,72.79,19.84,97.77,118.7,7.55,12.25,72.6,17.5,53.5,6.82,46.43,149.57,19.48,19.25,12.04,165.54,17.7,165.21,40.45,6.32,21.15,46.86,113.2,3.6,68.59,62.85,54.1,2.13,17.57,16.94,9.5,51.75,259.44,162.72,8.66,2.15,12.84,17.7,53.0
2026-04-09,629.7,1214.26,3134.2,950.34,799.45,124.67,763.0,1766.2,800.76,888.24,88.0,4293.67,325.02,202.39,1540.83,149.21,52.76,273.83,256.0,249.62,252.31,278.57,87.7,409.13,202.4,270.1,73.02,53.59,200.95,361.99,137.94,136.65,552.0,188.18,233.23,323.36,133.5,23.3,34.05,13.82,17.25,40.26,20.65,36.72,292.0,406.51,69.31,6.27,223.5,158.75,46.0,28.15,299.64,70.76,51.17,22.97,50.74,249.91,23.15,21.75,174.46,100.33,44.06,61.47,80.61,55.31,36.5,63.0,17.13,70.58,19.77,96.11,117.0,7.5,12.16,71.61,17.14,53.33,6.74,46.12,149.6,19.3,19.46,11.89,165.45,17.04,167.0,39.91,6.15,21.2,47.15,112.5,3.57,68.7,61.57,53.98,2.16,17.04,16.53,9.42,51.53,257.21,160.51,8.64,2.19,12.9,17.3,52.89
2026-04-10,636.24,1234.98,3186.41,956.92,800.5,125.06,770.1,1795.0,806.8,898.36,88.39,4341.36,328.86,203.98,1530.13,147.18,54.0,272.88,252.55,249.61,253.5,277.56,88.6,410.0,206.4,273.56,74.02,53.17,201.65,357.98,140.0,139.0,559.46,190.7,236.5,323.04,136.15,23.51,34.64,13.85,17.31,40.46,20.76,36.99,296.41,404.27,70.35,6.46,224.65,161.24,46.59,28.42,300.0,71.29,52.23,23.27,51.05,246.62,23.48,22.07,173.0,99.93,44.49,59.29,81.96,56.25,36.75,62.4,17.3,68.94,19.99,95.4,116.89,7.52,12.23,72.95,17.33,53.26,6.8,46.54,153.33,19.37,19.75,12.07,165.62,17.4,166.0,40.34,6.17,21.52,47.18,110.42,3.65,67.4,61.89,55.05,2.16,17.44,16.88,9.51,51.75,259.09,160.01,8.66,2.14,13.01,17.4,52.93
2026-04-13,640.21,1228.73,3190.42,968.64,802.4,125.45,781.94,1795.2,804.8,893.5,87.53,4268.61,326.88,201.5,1518.2,144.39,54.53,270.91,251.21,249.08,252.84,275.21,87.4,406.67,214.63,269.63,73.09,53.49,199.46,353.76,139.01,139.41,557.33,189.45,231.6,318.0,134.2,22.91,34.86,13.65,17.28,41.18,20.85,36.56,291.89,399.32,70.41,6.36,223.88,158.5,47.04,28.49,296.4,71.26,52.47,23.33,50.31,242.02,23.28,21.92,173.05,97.93,43.45,58.68,80.87,55.66,36.89,64.7,17.22,68.81,20.43,93.94,116.25,7.55,12.1,71.83,17.33,53.0,6.83,45.6,167.88,19.2,20.1,11.85,166.98,17.2,169.75,39.99,6.05,21.09,46.01,109.07,3.66,67.32,61.9,55.0,2.16,17.58,17.5,9.5,50.74,254.85,157.49,8.79,2.13,12.77,17.23,52.93
2026-04-14,645.03,1236.37,3272.26,937.29,814.97,124.1,790.78,1799.23,813.25,909.68,89.73,4314.33,327.0,205.0,1567.23,145.37,54.6,274.8,261.99,249.2,253.23,282.14,88.5,407.68,210.39,267.97,73.94,54.83,199.0,364.44,141.0,140.0,559.38,191.17,236.14,327.83,133.58,22.99,35.7,13.57,17.41,41.83,21.43,37.16,292.26,405.6,73.3,6.39,220.0,158.0,47.66,28.6,301.0,72.69,52.16,23.9,50.8,240.41,24.0,22.43,172.65,98.91,43.85,59.71,82.84,56.81,36.82,67.4,17.29,69.16,20.59,93.5,115.41,7.6,12.4,71.25,17.67,53.68,6.93,46.7,162.1,19.58,19.97,11.96,170.69,17.33,170.0,39.88,6.15,21.99,46.36,110.49,3.8,68.23,62.82,54.32,2.17,17.83,17.93,9.66,51.52,255.55,158.36,8.85,2.2,13.01,17.3,54.84
2026-04-15,647.79,1240.27,3208.31,932.82,818.17,124.4,799.78,1745.63,791.42,915.72,90.25,4351.89,321.47,203.65,1558.11,145.31,54.38,281.18,255.94,250.0,259.72,288.24,89.16,411.01,214.5,270.61,71.98,54.89,198.27,362.47,141.9,140.0,563.78,191.53,239.3,325.0,133.39,22.8,35.62,13.44,17.02,40.57,21.32,37.37,294.98,407.18,73.04,6.4,217.0,157.84,47.77,28.66,299.8,71.92,51.11,23.93,50.68,238.16,23.9,22.37,173.26,98.16,43.54,59.14,82.97,57.22,36.79,69.34,17.51,68.26,20.73,93.4,115.65,7.64,12.55,70.55,17.66,53.1,7.0,46.32,155.21,19.71,20.0,12.07,159.0,17.61,169.8,39.8,6.05,21.9,47.22,110.0,3.62,68.27,63.68,55.83,2.15,18.02,17.93,9.66,51.0,253.86,158.0,8.79,2.23,13.03,17.3,54.7
2026-04-16,651.24,1238.85,3235.03,924.74,823.74,124.21,797.28,1723.65,785.62,927.92,89.49,4319.26,316.62,201.44,1477.34,145.45,54.27,293.92,250.0,247.11,261.1,286.75,88.94,412.32,214.72,269.21,71.65,54.07,198.74,349.52,142.68,140.11,562.96,190.04,236.25,325.29,133.35,22.85,35.1,13.59,16.94,40.12,21.46,37.27,290.61,406.66,73.68,6.41,217.0,161.0,47.74,28.75,301.5,73.56,51.54,24.06,51.09,240.01,23.99,22.54,173.19,98.71,43.6,59.08,83.06,57.1,37.15,68.79,17.56,68.8,20.75,93.2,115.0,7.7,12.55,70.54,17.6,54.09,7.03,46.5,152.99,19.8,20.06,12.09,158.22,17.71,166.57,39.6,6.01,21.98,46.94,112.17,3.63,67.9,65.4,55.3,2.15,17.97,17.37,9.65,51.39,253.77,156.73,8.95,2.2,13.04,17.0,54.24
2026-04-17,652.37,1233.71,3322.2,903.53,852.4,119.38,807.75,1778.0,819.57,953.29,91.78,4425.15,322.31,199.5,1577.84,143.64,53.06,312.47,273.11,251.57,261.42,287.66,90.25,412.77,193.46,272.37,72.83,57.31,200.33,380.0,145.08,141.84,566.0,190.4,237.47,324.1,130.5,23.61,36.49,13.71,17.27,40.6,20.9,37.2,300.14,411.0,74.48,6.53,209.1,168.86,48.1,28.65,303.09,75.35,52.6,24.27,52.81,242.04,24.32,22.86,173.3,101.01,43.6,58.55,84.79,57.52,37.51,69.37,17.65,69.0,20.94,92.03,116.5,7.75,12.64,74.78,18.16,55.96,7.08,47.18,127.25,20.71,20.51,12.35,157.89,17.66,167.4,40.0,6.16,21.82,46.32,112.54,3.75,68.41,65.6,55.65,2.2,18.15,17.97,9.69,51.84,257.54,159.54,9.3,2.24,13.06,17.38,52.8
2026-04-20,647.84,1233.25,3294.16,933.4,845.0,120.89,804.3,1736.03,801.37,952.72,89.53,4366.58,319.36,199.77,1530.71,144.0,51.72,299.8,265.82,249.0,261.33,288.3,88.91,415.91,205.8,268.99,73.0,55.25,199.0,372.71,144.39,140.76,567.79,189.19,235.9,319.79,129.21,23.32,36.49,13.53,17.09,40.3,21.49,36.99,298.2,405.0,73.94,6.47,210.47,164.01,47.36,28.27,304.19,75.0,51.07,24.37,52.09,237.83,24.13,22.74,173.0,101.41,43.56,58.12,83.64,56.5,37.26,69.6,17.55,68.48,20.85,93.25,116.0,7.77,12.63,73.0,17.93,55.7,7.12,46.62,131.83,20.9,20.89,12.12,156.95,17.42,167.5,39.62,6.04,22.0,45.74,112.72,3.65,69.01,64.6,55.8,2.2,18.09,18.18,9.73,51.15,254.52,156.76,9.28,2.26,13.06,17.04,53.66
2026-04-21,644.63,1211.73,3283.8,915.65,830.4,121.7,788.99,1676.7,764.11,940.8,88.86,4381.28,318.06,197.9,1497.91,146.5,51.3,290.01,254.62,248.4,260.29,288.05,88.0,422.38,205.94,267.58,72.8,53.6,197.9,364.15,144.57,141.42,564.91,188.23,235.66,322.41,129.91,23.34,34.41,13.58,17.11,40.15,21.55,36.9,300.83,403.19,73.33,6.4,208.83,164.79,47.62,28.38,302.13,77.0,49.28,24.29,52.65,233.0,24.21,22.72,174.0,101.79,43.1,57.65,83.72,56.54,37.3,70.75,17.52,69.41,21.0,92.9,115.77,7.73,12.58,72.02,17.88,55.08,7.1,46.5,135.3,20.88,20.17,12.08,156.3,17.26,168.0,39.72,6.05,22.0,45.57,111.61,3.59,68.6,65.74,56.33,2.17,18.12,17.65,9.69,51.4,250.6,156.56,9.17,2.23,12.93,16.7,53.73
2026-04-22,656.49,1198.65,3190.28,914.18,818.0,124.31,804.31,1656.41,760.66,924.71,88.27,4403.96,317.65,201.86,1489.18,144.54,52.36,281.09,256.61,238.86,260.73,288.42,87.0,419.63,217.6,267.66,72.12,53.91,197.44,365.56,144.22,142.26,566.81,186.3,236.35,320.48,134.95,23.18,34.23,13.64,17.0,42.19,21.23,36.77,300.89,403.0,74.11,6.46,211.4,161.38,47.01,28.34,302.27,76.0,49.49,24.35,52.7,235.58,24.3,22.92,175.5,101.53,42.68,57.88,83.5,56.4,37.61,70.7,17.5,69.58,21.37,92.85,114.88,7.66,12.6,70.81,17.67,53.96,7.17,46.0,139.33,20.86,20.38,11.85,154.02,17.25,169.0,39.0,6.02,21.9,44.67,112.21,3.55,68.73,64.78,55.8,2.14,17.67,16.65,9.66,51.13,247.38,155.42,9.3,2.23,13.4,16.5,52.45
2026-04-23,662.38,1190.0,3175.49,936.81,801.62,125.4,845.64,1600.0,730.75,899.52,88.71,4420.64,314.65,204.01,1442.21,145.0,51.52,273.76,244.41,233.7,261.53,284.37,86.36,409.8,210.6,265.35,72.83,53.16,194.11,347.51,144.08,141.6,565.0,186.12,232.78,318.57,138.19,22.76,32.94,13.44,16.9,41.75,21.2,36.99,275.88,403.6,74.14,6.39,210.44,159.5,46.75,28.09,297.08,77.0,47.77,24.17,52.29,230.37,24.19,22.8,175.0,98.5,42.98,58.4,82.9,56.01,35.8,68.88,17.36,69.08,21.1,93.17,112.67,7.64,12.46,70.87,17.65,53.22,7.15,45.7,137.67,20.41,20.4,11.8,155.65,16.92,165.75,39.0,6.0,21.9,44.5,109.79,3.47,68.47,64.0,54.98,2.16,17.7,15.86,9.64,50.95,243.0,158.03,9.26,2.28,13.04,16.21,52.45
2026-04-24,661.29,1204.54,3164.38,966.92,809.03,124.83,832.79,1638.76,757.0,905.14,88.0,4400.72,312.14,206.55,1413.69,145.71,51.02,276.05,242.06,231.6,260.3,280.0,84.99,406.11,214.53,264.0,72.75,53.17,192.5,342.39,143.0,139.92,565.11,168.54,230.96,310.71,139.28,22.4,33.1,13.39,16.85,41.05,20.92,37.14,265.95,404.0,74.27,6.3,209.46,158.02,46.15,28.09,296.0,78.95,48.12,23.96,52.05,231.0,24.12,22.52,176.2,99.53,42.3,58.42,82.59,55.72,36.5,69.14,17.12,69.08,21.08,92.54,111.76,7.67,12.39,69.67,17.47,52.47,6.76,45.45,133.73,20.3,20.3,11.87,154.9,16.71,166.5,39.0,6.0,21.63,45.34,108.98,3.43,67.69,64.24,57.01,2.14,17.53,16.02,9.62,51.35,241.95,162.51,9.05,2.23,12.95,16.21,54.63
2026-04-28,646.41,1234.0,3139.11,961.37,791.9,123.06,787.04,1545.81,712.0,885.1,88.0,4495.0,315.85,203.55,1335.46,144.01,50.43,261.45,226.72,233.89,262.51,279.59,85.35,409.92,217.5,265.63,72.14,48.93,194.0,327.87,141.82,139.28,563.55,164.31,231.5,306.86,139.65,22.29,31.65,13.41,16.7,41.16,20.84,37.59,263.67,404.0,74.71,6.21,208.89,157.1,46.17,27.87,296.92,79.0,45.37,23.75,51.79,223.62,23.87,22.14,177.11,99.46,42.38,58.28,82.41,55.2,36.03,67.37,16.94,69.61,21.4,92.47,110.3,7.56,12.23,69.63,17.16,52.7,6.69,44.8,140.5,20.01,20.21,11.9,156.47,16.41,167.62,39.0,5.97,21.07,45.17,109.27,3.33,67.97,65.01,54.2,2.15,17.22,15.44,9.45,50.85,240.22,168.5,8.85,2.26,12.8,15.87,53.9
2026-04-29,650.39,1224.0,3089.63,961.9,797.6,125.71,792.5,1521.96,696.46,896.41,88.16,4421.13,316.05,208.17,1290.14,141.29,50.02,253.34,222.11,232.76,262.48,278.76,84.9,407.5,228.0,264.62,71.17,48.12,192.89,311.49,140.2,140.12,556.27,169.7,231.91,306.21,140.63,22.09,30.6,13.39,16.45,40.7,20.98,37.83,262.79,405.0,73.21,6.25,208.84,155.8,46.0,27.52,292.0,78.54,44.76,23.62,51.77,217.15,23.74,21.66,177.5,98.45,42.3,60.55,81.75,54.9,36.47,68.5,17.09,70.37,22.18,93.6,111.0,7.5,12.28,69.86,16.89,52.54,6.65,44.33,145.08,19.65,19.94,11.91,155.75,16.41,168.95,38.43,6.0,21.99,46.42,109.56,3.29,68.33,63.22,54.2,2.18,17.0,15.81,9.4,51.25,243.6,169.0,8.84,2.4,12.85,15.58,53.95
2026-04-30,657.37,1256.88,3165.58,976.07,801.68,128.5,812.13,1551.43,712.0,897.76,88.23,4325.17,320.49,209.0,1335.0,141.31,49.83,263.42,232.26,233.02,258.42,280.76,85.57,407.61,230.0,267.14,70.77,49.67,194.67,320.0,141.0,141.76,574.99,173.59,233.31,312.48,139.0,21.97,31.77,13.59,16.35,41.82,22.17,37.85,262.75,398.9,74.63,6.33,219.91,156.0,46.76,28.25,290.0,79.64,45.44,23.86,52.18,222.95,24.3,22.76,182.13,99.7,42.65,60.1,82.42,55.77,36.5,68.0,17.29,71.57,22.45,96.48,111.43,7.59,12.38,69.94,16.9,51.77,6.72,44.5,145.25,19.7,20.1,11.85,157.55,16.64,168.46,38.0,6.08,22.5,47.18,110.5,3.3,69.78,64.61,56.0,2.2,17.32,16.1,9.46,51.28,244.72,171.74,8.86,2.43,12.96,15.9,53.45
2026-05-04,653.21,1243.0,3138.46,981.76,800.82,127.72,804.0,1528.9,709.14,897.94,87.15,4292.59,307.07,208.88,1348.0,141.57,48.45,265.29,237.0,228.58,258.81,284.66,85.97,409.49,232.33,263.69,71.0,49.39,193.9,324.54,140.98,138.37,578.14,173.39,233.74,312.38,140.17,22.03,31.44,13.55,16.26,41.76,22.0,38.46,260.49,402.0,72.84,6.24,221.09,155.11,46.64,28.01,288.52,77.5,45.4,23.66,52.05,222.21,24.2,22.53,183.7,99.8,42.2,59.76,82.41,55.47,36.03,68.33,17.29,72.34,21.95,96.02,109.12,7.54,12.55,70.15,16.93,51.08,6.65,44.81,139.6,19.1,20.2,11.8,158.68,16.41,171.48,39.0,6.05,21.99,47.48,112.95,3.32,69.23,63.87,55.9,2.19,17.24,16.52,9.47,51.5,242.35,172.01,9.06,2.54,12.95,15.88,53.85
2026-05-05,656.86,1345.67,3136.12,975.61,791.54,126.92,803.21,1534.95,706.22,885.58,88.0,4299.43,303.01,211.95,1374.62,149.05,49.07,262.5,245.17,227.22,261.15,285.0,86.08,411.65,238.94,262.4,70.29,49.96,192.59,334.99,140.5,136.36,575.0,177.76,233.88,318.23,148.04,22.26,31.12,13.37,16.12,41.13,21.0,37.59,262.25,396.52,71.94,6.19,226.87,154.04,47.01,28.08,290.5,76.76,44.93,23.2,52.02,224.0,24.2,22.5,177.11,99.99,43.44,59.47,82.22,55.55,35.84,68.31,17.35,72.14,22.46,95.0,109.05,7.46,12.48,69.5,16.91,51.52,6.62,44.5,144.0,19.04,20.64,11.8,158.65,16.32,174.0,38.6,6.55,22.0,48.03,112.89,3.28,69.93,63.68,55.5,2.19,17.14,16.05,9.44,51.5,241.46,175.0,8.85,2.55,12.9,16.1,53.95
2026-05-06,684.36,1320.0,3260.5,974.46,811.19,125.67,850.8,1610.89,768.32,922.44,90.91,4383.8,311.3,219.2,1485.91,153.11,50.13,288.63,269.61,232.43,268.0,287.5,87.85,414.0,220.65,268.3,72.16,55.61,195.64,356.2,142.29,137.2,565.0,180.36,242.5,329.92,149.47,22.93,33.42,13.56,16.46,41.59,21.29,38.76,268.93,402.0,75.0,6.28,219.77,158.32,48.32,28.02,297.0,78.63,48.64,24.06,53.39,234.86,24.7,23.03,180.64,99.46,45.2,60.1,84.05,56.6,36.03,69.3,17.56,73.5,22.5,96.26,110.22,7.6,12.66,71.4,17.2,52.75,6.8,46.5,140.0,19.5,20.52,11.8,161.51,16.65,170.5,38.9,6.61,22.25,48.28,114.95,3.43,71.0,64.78,57.29,2.26,17.45,16.3,9.52,52.5,244.0,177.5,9.16,2.5,12.95,16.22,54.0
2026-05-07,690.69,1305.2,3346.13,954.35,809.6,125.51,858.36,1670.93,761.5,922.42,91.93,4406.33,309.97,210.65,1506.94,147.65,50.54,300.89,272.44,231.36,271.41,284.22,87.45,410.0,206.85,265.88,71.09,56.31,192.36,362.47,141.75,137.23,567.98,175.01,237.78,327.5,147.83,22.75,34.95,13.69,16.44,41.62,21.06,38.5,265.8,392.06,74.14,6.29,219.27,159.0,47.2,28.21,293.5,78.75,49.73,23.6,53.2,235.04,24.6,23.05,180.56,99.47,44.43,58.75,84.0,56.7,36.55,70.82,17.33,78.01,22.53,95.0,108.45,7.57,11.27,71.39,17.33,53.45,6.74,45.57,137.5,19.15,20.79,11.8,162.61,16.53,172.0,37.7,6.73,22.34,48.97,114.95,3.45,70.95,63.9,56.3,2.26,17.45,14.15,9.51,52.8,243.73,177.5,8.96,2.5,12.9,16.18,53.13
2026-05-08,691.74,1311.48,3345.0,951.02,791.5,126.0,862.72,1738.45,734.91,893.0,89.53,4350.0,306.48,210.2,1458.25,146.16,50.28,292.27,268.47,230.44,273.5,286.4,86.56,408.36,212.98,260.57,70.85,54.8,188.0,356.93,141.25,136.35,563.2,174.78,234.2,323.6,146.65,22.48,33.98,13.35,16.33,41.43,21.21,38.31,264.29,396.55,73.7,6.19,215.06,156.39,46.51,27.94,289.36,79.5,49.48,23.5,52.77,230.1,24.55,22.9,180.29,97.98,44.48,59.27,83.94,56.06,35.98,69.83,17.29,75.1,22.43,96.07,105.9,7.49,11.01,69.16,17.48,52.36,6.78,45.38,137.76,19.09,20.79,11.72,159.0,16.54,171.85,36.68,6.65,22.05,49.2,114.95,3.4,70.76,63.4,55.77,2.19,17.43,14.7,9.47,52.2,242.0,175.34,8.87,2.59,13.0,16.38,52.25
2026-05-11,714.0,1306.53,3242.0,967.79,789.38,128.39,885.78,1784.0,749.14,890.32,88.53,4332.97,303.88,215.65,1480.0,152.75,51.28,299.0,272.11,225.72,273.66,288.0,87.08,406.35,215.15,258.81,70.5,56.26,188.31,355.93,140.86,136.55,560.44,171.73,231.5,329.86,143.13,21.85,34.55,13.07,16.28,41.23,21.0,37.59,262.74,396.0,73.53,6.28,216.9,152.25,46.43,27.19,284.61,85.64,50.21,23.8,51.08,231.34,24.85,22.85,179.12,96.8,44.78,60.36,83.5,56.11,37.38,70.17,17.04,74.61,22.64,95.58,103.6,7.5,11.12,60.28,17.25,50.19,6.76,45.1,137.1,20.83,21.09,11.8,156.89,16.56,173.97,36.62,6.84,22.05,49.95,115.75,3.39,71.42,62.75,54.7,2.14,17.25,15.09,9.44,52.78,241.73,174.0,8.77,2.57,12.93,15.73,51.97
2026-05-12,715.66,1318.69,3272.24,1028.08,747.64,128.36,879.5,1686.13,731.98,847.86,87.95,4340.07,301.11,213.12,1459.84,155.9,51.99,291.59,265.33,229.23,268.0,286.15,86.52,404.39,220.63,256.76,69.88,54.82,187.86,346.92,141.0,134.26,567.28,170.0,229.44,326.52,140.96,21.65,34.63,13.02,16.39,40.2,20.79,37.51,253.34,394.34,71.99,6.36,215.84,149.49,46.38,26.76,285.0,85.99,49.62,23.81,50.82,229.19,25.25,22.52,179.67,95.0,43.71,60.58,83.5,56.39,36.3,74.7,16.84,73.79,22.66,95.5,99.78,7.5,11.0,58.74,17.34,48.91,6.85,44.68,136.4,20.0,21.2,11.8,155.64,16.71,167.69,36.05,6.62,21.8,49.01,113.16,3.46,69.8,60.73,54.4,2.12,17.39,15.48,9.68,52.39,240.57,170.47,8.63,2.45,12.99,15.9,50.08
2026-05-13,744.92,1310.1,3296.37,1058.27,772.54,132.0,908.73,1682.0,728.37,878.95,88.06,4241.58,300.7,211.0,1516.16,154.04,54.16,287.96,274.5,230.0,264.36,285.23,85.5,404.77,219.36,255.34,69.5,55.87,184.8,368.27,140.0,133.53,568.09,168.2,229.0,330.0,141.96,21.73,33.27,12.84,16.23,40.24,20.66,37.05,248.36,393.5,71.72,6.14,215.0,151.5,46.23,26.65,284.25,88.5,48.43,23.56,50.22,230.0,25.0,22.26,177.84,94.5,43.76,58.56,83.11,56.42,36.43,74.5,16.57,72.3,23.0,96.1,102.0,7.44,11.0,60.85,17.42,49.75,6.68,44.88,135.3,20.53,20.45,11.8,156.14,16.47,162.77,37.0,6.65,21.23,47.28,112.79,3.4,70.12,60.65,55.25,2.14,17.41,15.09,9.58,51.61,238.0,169.39,8.55,2.5,12.89,16.02,50.0
2026-05-14,730.7,1338.68,3351.54,1091.66,752.43,131.83,897.32,1670.16,728.6,854.0,89.5,4334.17,308.21,210.34,1465.64,156.26,52.62,285.68,261.19,233.77,265.77,292.25,86.9,415.39,216.23,258.74,70.59,54.12,188.12,362.12,141.01,134.87,572.87,170.44,232.84,326.98,140.92,22.06,33.07,12.85,16.56,40.3,20.84,37.18,246.8,390.06,71.68,6.28,212.0,151.87,46.78,26.86,285.87,87.5,47.36,23.83,50.37,223.69,25.23,22.18,179.0,94.5,44.21,58.9,83.77,56.25,36.95,76.39,16.77,76.03,23.87,97.6,103.0,7.5,11.15,60.01,17.85,51.33,6.78,45.35,130.24,22.2,20.74,11.81,157.9,16.65,165.25,36.18,6.74,21.6,47.9,114.33,3.45,71.0,61.71,54.02,2.16,17.44,15.48,9.66,52.0,239.15,170.02,8.51,2.55,12.66,16.35,49.96
2026-05-15,704.13,1343.94,3305.0,1080.0,763.0,127.5,848.55,1556.06,678.24,868.42,87.76,4285.0,305.92,208.1,1358.0,153.95,49.25,265.09,242.46,230.18,265.0,292.97,85.6,414.98,224.72,255.85,69.75,50.89,187.0,334.74,141.76,133.17,571.42,167.83,233.63,315.41,140.45,21.88,30.87,12.79,16.45,39.93,20.15,36.76,248.96,383.0,70.05,6.22,210.25,152.5,46.46,26.81,286.13,86.52,44.49,23.49,50.65,205.0,25.86,21.9,176.64,94.65,43.57,57.0,83.69,56.26,37.0,77.85,16.65,75.6,23.81,97.27,101.0,7.53,11.1,58.07,18.14,50.79,6.76,44.91,129.23,22.5,21.18,11.92,156.29,16.97,165.13,35.13,6.68,21.5,47.19,114.04,3.39,61.01,61.8,53.2,2.3,17.71,14.86,9.6,50.0,236.55,167.92,8.42,2.44,13.0,16.33,49.48
2026-05-18,701.45,1345.0,3285.0,1098.53,760.77,127.55,848.93,1564.3,679.23,865.9,88.56,4340.0,308.04,207.23,1355.13,151.28,48.69,274.5,238.64,230.75,266.79,292.35,86.29,418.57,220.81,256.06,71.19,50.55,189.1,333.5,142.01,133.81,572.18,165.93,236.25,315.41,139.42,22.02,31.41,12.89,16.7,40.72,20.58,37.11,250.15,375.96,70.92,6.32,208.46,156.22,47.36,27.34,288.9,88.64,44.65,24.01,51.07,205.54,25.75,21.97,175.31,94.89,43.23,57.49,84.82,57.34,36.8,78.45,16.68,77.81,23.85,97.86,102.36,7.68,11.24,57.62,18.2,50.75,6.89,45.27,127.9,22.29,21.84,11.81,157.48,16.97,161.6,37.5,6.79,22.85,47.2,114.74,3.52,61.99,61.39,53.7,2.29,17.74,14.92,9.73,50.0,229.74,165.5,8.4,2.55,12.91,16.34,51.0
2026-05-19,680.66,1363.6,3279.0,1097.81,787.13,125.25,819.92,1472.74,650.47,898.81,87.89,4300.32,306.01,207.13,1325.25,152.02,47.84,268.87,228.95,228.76,265.05,291.87,87.04,418.1,223.35,253.0,70.6,47.56,188.99,319.3,141.9,135.25,576.27,163.52,231.94,306.6,138.56,21.85,30.38,13.03,16.48,41.4,20.78,37.12,246.17,377.29,71.34,6.23,208.75,153.05,47.53,28.0,286.65,82.0,43.23,23.62,50.51,201.5,25.19,22.2,173.92,94.15,43.29,57.72,83.4,56.45,36.36,83.0,16.29,79.36,24.35,98.14,101.63,7.65,11.08,57.22,18.25,50.32,6.76,44.63,132.5,21.62,21.72,11.96,155.03,16.87,163.87,36.0,6.61,23.1,46.8,115.54,3.45,61.35,60.69,54.01,2.28,17.6,14.5,9.69,49.7,233.13,163.0,8.41,2.61,13.0,16.45,50.2
2026-05-20,681.36,1363.2,3286.31,1082.4,781.0,124.7,829.51,1522.07,667.63,886.99,89.8,4332.05,312.99,207.23,1350.05,153.0,48.35,284.38,232.49,232.59,264.14,292.28,88.18,415.53,219.57,255.44,70.31,48.41,189.94,323.8,141.48,135.72,578.72,162.96,233.28,308.25,136.75,21.8,30.77,13.21,16.6,41.37,20.39,37.74,247.68,378.63,71.51,6.25,207.69,153.3,47.89,28.18,283.4,81.32,43.68,23.3,50.97,204.44,24.45,22.17,171.0,94.4,43.42,58.87,82.75,57.17,36.25,80.0,16.04,82.48,24.91,99.53,102.48,7.68,11.0,58.11,17.85,50.41,6.81,45.0,132.79,21.56,21.2,12.11,156.0,16.57,166.0,35.0,6.76,23.07,46.98,116.31,3.44,62.5,59.79,55.0,2.3,17.32,14.64,9.71,50.17,237.02,166.94,8.54,2.51,12.9,16.66,50.38
2026-05-21,691.74,1370.14,3283.47,1090.8,765.14,127.47,843.5,1498.32,655.92,860.46,89.82,4370.42,313.9,205.0,1310.0,152.64,48.84,278.95,226.94,235.0,265.11,295.37,87.22,415.27,223.9,258.51,70.34,47.65,190.0,311.15,141.92,143.44,573.33,161.9,231.38,305.25,135.31,21.87,30.32,13.51,16.53,42.05,20.92,37.5,246.12,376.76,73.0,6.3,207.0,152.1,48.02,27.9,283.8,82.51,42.97,23.64,51.19,202.03,24.62,22.15,171.1,94.3,42.88,59.2,82.28,56.91,36.33,77.49,16.89,83.39,24.78,100.8,102.93,7.68,11.22,59.1,18.01,51.21,6.89,45.12,136.0,21.34,21.07,12.07,156.35,16.91,167.0,35.6,6.73,23.07,46.92,118.86,3.4,62.61,58.9,59.3,2.3,17.12,13.45,9.78,50.98,237.0,166.11,8.64,2.62,13.09,16.65,50.89
2026-05-22,691.32,1367.14,3262.18,1074.74,746.0,125.87,844.81,1470.91,639.18,842.81,89.63,4404.67,313.98,208.1,1290.36,151.68,50.4,274.56,222.19,234.12,268.05,294.19,84.51,424.18,219.34,255.66,70.34,46.75,190.95,305.7,142.42,138.65,578.71,162.44,236.89,302.26,135.49,22.0,29.94,13.02,16.49,42.8,21.1,36.74,246.12,380.07,73.99,6.27,205.98,153.11,47.74,28.08,282.98,83.75,42.48,23.59,50.22,200.33,24.0,21.95,170.7,93.4,43.42,59.01,81.92,57.13,36.58,78.92,16.8,85.57,25.15,100.1,102.7,7.63,11.36,57.46,17.66,50.57,6.75,45.0,134.5,24.22,21.55,12.19,155.96,16.86,168.55,35.59,6.85,23.6,46.73,123.41,3.37,63.86,57.25,59.38,2.3,17.16,12.3,9.7,50.5,239.92,166.82,8.79,2.69,13.13,16.82,50.15
2026-05-25,706.7,1370.0,3320.0,1068.0,767.69,127.03,863.28,1560.4,668.99,876.37,92.07,4479.67,318.35,210.33,1388.55,152.42,51.6,294.23,233.8,237.08,271.93,297.13,84.9,419.05,210.3,257.96,72.31,49.74,192.02,320.0,142.66,138.84,570.0,168.49,240.45,307.04,136.55,22.2,31.32,13.03,16.84,42.81,21.1,36.74,248.11,385.06,74.44,6.33,208.38,154.94,47.84,28.9,283.5,83.0,44.53,23.61,50.62,209.75,24.05,21.97,171.18,93.41,43.51,59.67,82.5,57.54,37.5,77.51,18.0,85.82,25.42,100.48,103.0,7.65,11.5,57.65,17.79,51.08,6.93,45.65,134.13,23.06,21.51,12.32,156.0,17.15,170.5,35.52,6.85,26.95,47.56,126.81,3.47,64.13,59.41,60.0,2.33,17.19,12.26,9.78,51.0,248.97,171.78,9.02,2.69,13.45,17.3,51.81
2026-05-26,706.23,1350.66,3278.3,1064.18,748.8,129.0,866.88,1561.14,663.71,855.0,93.73,4489.28,321.28,208.28,1370.22,151.97,54.65,291.61,233.37,238.64,272.95,295.81,85.88,414.0,222.6,260.51,71.63,49.25,192.86,320.92,143.53,141.13,575.49,166.64,237.02,316.85,136.36,21.83,31.0,13.07,17.0,42.91,20.65,36.64,246.41,381.46,74.85,6.38,212.14,156.52,48.09,28.39,284.43,81.69,43.83,23.64,50.39,209.89,24.14,21.88,171.52,94.5,43.8,59.46,82.96,57.68,37.65,78.44,17.68,79.0,25.81,101.31,103.09,7.65,11.3,57.96,18.05,50.87,7.01,43.66,145.74,21.36,21.52,12.33,153.5,17.01,179.99,35.38,6.94,29.05,47.59,125.42,3.49,64.53,58.99,59.6,2.32,17.1,12.5,9.79,52.64,253.95,169.1,8.8,2.73,13.62,17.12,52.0
2026-05-27,707.74,1370.93,3420.0,1049.03,745.88,126.12,862.71,1539.5,649.66,855.77,94.14,4507.01,321.97,210.0,1360.99,153.29,55.42,289.49,229.0,239.81,275.87,298.02,86.83,413.63,207.64,260.13,71.63,48.93,192.78,311.93,143.33,140.97,511.36,168.68,238.65,319.53,136.44,22.01,30.06,13.05,16.84,42.28,20.9,36.45,251.77,382.69,74.84,6.11,213.91,159.95,49.11,28.61,287.46,80.45,43.19,23.4,50.82,209.51,24.0,21.84,172.86,94.33,43.12,66.61,82.92,57.27,38.19,79.82,17.81,77.55,26.17,103.36,105.78,7.61,11.37,59.39,17.68,51.65,7.08,43.5,139.03,20.74,21.54,12.4,152.0,17.0,176.42,35.5,6.98,28.27,48.5,126.23,3.5,64.01,59.31,60.5,2.29,17.25,12.68,9.82,51.9,259.28,171.0,8.86,2.85,13.76,17.26,51.99
2026-05-28,713.13,1344.61,3439.99,1026.05,738.4,125.18,873.55,1534.3,649.11,848.92,92.2,4512.0,315.96,219.0,1352.77,154.0,54.99,297.9,232.34,237.54,274.5,293.89,86.3,407.77,206.75,260.37,71.14,49.41,191.15,315.6,143.19,140.5,505.59,164.52,237.41,330.0,134.75,21.99,30.01,12.86,16.81,41.84,20.74,36.27,243.26,378.96,75.7,6.12,213.32,158.87,47.31,28.13,282.8,80.0,43.04,23.45,50.2,210.57,24.27,21.78,171.48,94.71,43.21,64.88,82.92,57.33,37.93,78.56,17.75,76.06,26.3,102.99,103.76,7.64,10.74,57.9,17.68,51.75,7.22,42.78,140.5,20.19,21.84,12.17,152.3,17.02,175.49,35.26,6.9,30.0,48.63,126.19,3.47,64.2,57.13,60.5,2.28,17.24,13.19,9.87,51.69,250.61,167.88,9.34,2.85,13.63,17.1,51.7
2026-05-29,719.69,1306.49,3506.82,1003.15,735.57,125.63,875.33,1560.26,641.47,852.13,92.38,4460.11,314.4,216.8,1350.0,152.23,55.65,296.11,231.84,237.14,278.34,285.36,85.76,406.91,201.35,259.29,70.85,48.8,190.5,315.59,141.78,143.21,490.14,166.44,233.72,324.31,144.74,21.67,29.82,12.91,16.71,42.47,21.1,35.92,234.5,374.18,75.51,6.0,214.93,156.27,47.1,28.36,277.25,79.38,43.45,23.28,49.19,211.25,23.9,21.68,170.84,94.3,42.47,62.12,82.03,57.0,34.97,80.78,17.68,76.68,26.05,101.42,102.55,7.61,10.7,56.87,18.01,50.0,7.09,42.61,143.34,18.64,21.47,12.25,154.63,16.83,175.0,35.07,6.94,29.72,48.77,123.84,3.49,64.58,48.72,59.8,2.3,17.08,12.4,9.81,51.62,247.49,166.5,9.19,2.77,13.65,16.77,51.86
2026-06-01,726.27,1315.03,3410.0,1012.44,737.55,127.44,875.59,1454.8,605.72,838.53,90.55,4395.0,306.03,213.89,1304.13,150.3,55.11,280.01,222.69,229.46,272.51,282.53,83.45,400.0,210.17,252.8,69.19,46.7,187.19,303.47,140.05,140.66,488.18,161.36,232.15,313.12,144.03,20.93,25.01,12.68,16.4,41.98,20.12,37.17,235.46,365.0,74.13,5.93,219.24,150.41,46.39,28.25,283.5,75.86,41.58,23.1,48.09,206.14,23.61,21.6,170.58,92.13,42.44,61.88,80.9,55.6,34.02,85.0,16.95,76.83,26.0,101.6,102.48,7.47,10.57,55.21,17.55,49.64,7.01,42.04,151.83,18.21,21.2,12.4,148.72,16.78,175.5,35.07,6.77,28.8,47.48,118.8,3.47,61.66,49.26,59.68,2.27,17.03,11.94,9.74,50.78,240.15,166.05,9.0,2.8,14.05,16.8,51.77
2026-06-02,757.76,1315.03,3435.0,965.1,796.98,133.98,920.95,1480.0,621.97,924.77,90.57,4377.08,306.68,215.15,1325.0,150.9,56.3,287.1,228.09,229.1,269.05,285.05,82.2,414.36,213.22,253.88,68.42,48.49,187.97,308.41,139.45,142.78,480.07,161.64,230.47,319.31,144.27,20.64,24.88,12.81,16.2,42.02,20.37,36.3,236.74,363.81,74.13,5.84,225.58,148.0,46.41,28.31,280.0,76.56,42.1,23.16,48.46,209.53,23.6,21.49,171.95,92.9,43.38,62.88,80.37,55.33,32.35,83.57,17.05,79.31,25.79,103.45,101.0,7.35,10.6,55.39,17.5,50.0,6.96,42.15,149.19,19.18,21.17,12.28,147.5,16.61,177.62,34.51,6.94,28.41,47.71,121.3,3.46,61.94,50.03,60.29,2.23,16.88,12.27,9.69,51.51,240.35,166.56,8.74,2.8,14.05,16.75,52.34
2026-06-03,743.89,1301.53,3406.75,962.02,762.18,133.79,901.49,1488.94,625.67,889.64,90.09,4315.96,304.39,215.2,1300.0,150.5,56.77,282.52,219.81,226.98,268.57,287.71,81.79,413.5,221.14,254.8,68.79,46.58,187.09,297.46,139.96,140.4,479.28,162.5,234.3,313.73,145.5,20.8,24.8,12.86,16.15,41.43,20.04,36.41,234.49,364.97,72.8,5.88,225.9,148.5,44.41,28.38,282.85,76.52,41.79,23.0,48.71,203.92,23.33,21.02,169.29,92.56,42.53,58.37,79.83,55.4,32.5,81.23,16.88,79.04,26.31,102.96,99.7,7.32,10.28,56.91,16.76,50.88,7.12,41.85,154.98,19.25,20.75,11.6,146.0,16.58,177.99,34.06,6.84,27.98,47.8,119.9,3.4,60.14,51.0,60.49,2.24,16.89,12.15,9.5,49.85,240.0,165.71,8.62,2.81,13.51,16.75,52.25
2026-06-04,722.4,1286.4,3385.37,942.5,756.78,133.15,889.83,1478.67,622.23,870.0,90.93,4294.11,306.0,214.46,1293.17,152.23,55.5,279.32,217.01,228.94,266.25,285.7,83.65,412.5,214.5,254.81,68.86,45.57,186.0,297.84,138.69,139.97,477.01,163.92,232.67,308.93,146.5,20.7,24.65,12.84,16.27,41.6,20.13,37.48,235.18,362.2,72.54,5.89,227.5,150.0,46.38,28.75,281.05,76.51,41.42,23.16,48.86,201.3,23.38,21.25,170.0,93.46,42.93,58.65,79.65,55.64,32.5,83.12,16.98,78.13,26.0,102.24,99.72,7.4,10.35,55.68,16.85,50.93,7.23,42.32,149.75,19.26,20.69,11.41,148.0,16.69,175.0,34.5,6.84,28.2,49.08,116.49,3.4,59.04,51.0,61.0,2.25,16.87,11.96,9.5,50.4,239.11,167.59,8.55,2.79,13.47,17.01,52.6
2026-06-05,695.31,1288.53,3415.2,966.6,767.36,130.14,862.0,1405.5,605.7,883.0,90.99,4352.08,306.98,211.74,1183.66,150.68,53.64,263.0,200.68,233.2,266.26,284.9,84.3,412.5,228.05,254.77,68.9,42.52,185.22,277.91,137.9,138.0,481.03,164.22,232.0,300.0,144.74,21.34,23.6,12.9,16.19,42.12,20.84,37.36,235.0,363.0,72.95,5.85,222.68,172.0,46.33,28.55,284.15,77.55,39.68,22.9,49.1,192.95,23.0,21.3,170.15,93.65,43.23,58.64,79.02,54.92,32.72,83.0,16.97,77.11,25.72,101.5,99.52,7.37,10.13,57.87,16.47,52.13,7.3,42.16,153.5,19.33,20.76,11.57,149.25,16.65,174.68,34.94,6.92,27.91,50.07,115.5,3.38,58.98,51.0,62.0,2.23,16.8,12.2,9.45,50.41,234.0,168.94,8.46,2.8,13.38,17.29,52.9
2026-06-08,696.36,1290.0,3433.54,987.74,758.45,130.55,854.65,1385.64,593.41,883.96,91.11,4342.21,311.61,213.92,1167.7,150.23,53.7,255.0,189.81,234.62,270.94,287.68,84.72,421.0,223.74,256.19,70.37,40.8,186.97,265.85,138.75,138.46,472.23,164.6,232.0,306.12,145.64,21.35,23.63,13.31,16.35,41.88,19.74,37.55,238.61,375.0,72.14,5.87,220.0,169.46,46.3,29.4,292.52,77.2,39.33,22.97,50.15,185.48,23.11,21.0,172.33,96.21,43.34,58.6,79.85,55.5,32.75,82.9,16.93,77.96,25.8,104.86,102.12,7.3,10.17,59.61,16.64,53.04,7.36,42.5,152.34,19.4,20.54,11.51,151.41,16.69,175.36,34.68,7.2,28.0,51.91,119.81,3.4,58.07,51.48,62.49,2.23,17.0,11.41,9.49,50.41,237.35,168.59,8.57,2.79,13.3,17.94,53.5
2026-06-09,691.46,1330.45,3479.17,980.62,765.36,126.4,842.5,1393.5,582.5,889.99,91.64,4423.43,313.93,213.92,1181.4,148.68,52.9,247.5,190.0,236.52,276.09,285.79,85.25,417.5,224.47,257.54,70.73,39.66,185.62,262.91,140.59,138.72,466.77,162.41,233.25,296.72,146.0,21.09,23.73,13.25,16.65,41.56,21.0,38.43,233.86,382.13,73.34,5.92,216.0,164.22,46.58,29.11,288.94,77.83,38.54,23.15,50.06,181.87,23.59,21.44,168.04,95.31,43.16,58.42,80.74,56.4,32.5,83.0,16.76,77.49,25.97,106.21,101.94,7.3,10.23,57.07,16.84,53.14,7.39,42.2,140.6,19.35,20.44,11.59,151.59,16.86,174.12,34.61,7.25,28.3,51.94,121.02,3.48,58.71,51.85,63.03,2.22,16.9,11.35,9.57,50.88,240.0,172.0,8.55,2.77,13.38,18.17,53.3
2026-06-10,696.57,1347.6,3488.37,1003.5,766.19,125.35,824.75,1311.8,557.86,886.0,91.51,4370.26,311.28,214.46,1123.63,147.99,52.01,240.86,179.62,232.0,275.36,290.0,84.5,417.54,225.5,254.92,70.56,38.56,183.92,246.47,140.48,138.15,464.17,158.8,230.96,287.37,145.49,20.96,22.63,13.12,16.52,41.25,20.35,38.26,235.24,378.51,75.22,5.88,212.03,163.61,45.89,28.85,287.65,78.29,37.02,23.2,50.02,167.09,23.54,21.59,169.84,94.53,43.11,58.65,81.54,56.6,32.69,82.99,16.6,76.7,25.88,107.4,101.45,7.4,10.19,57.58,17.0,52.69,7.45,38.76,134.06,19.06,20.56,11.4,152.0,16.86,172.83,35.17,7.44,28.11,51.6,121.65,3.51,57.83,54.9,63.6,2.22,17.02,11.04,9.58,50.0,229.21,168.5,8.45,2.72,13.36,18.3,52.65
2026-06-11,704.31,1354.6,3603.7,1011.59,750.0,126.0,835.5,1298.14,565.95,860.04,91.96,4397.07,312.39,223.98,1136.0,151.14,51.66,240.17,182.05,235.1,278.34,293.56,86.4,429.4,228.34,257.84,71.97,38.31,187.34,248.04,141.99,138.33,464.58,155.69,232.42,286.51,144.38,21.12,23.17,13.27,16.73,41.41,20.3,38.71,234.67,382.94,74.6,5.85,212.53,165.55,45.78,29.03,289.03,79.07,36.65,23.25,50.75,175.13,23.69,21.51,175.24,95.79,42.43,59.85,81.58,57.2,33.66,79.8,16.62,77.58,25.8,110.47,107.1,7.39,10.2,58.42,17.0,53.59,7.44,38.61,127.2,19.8,20.36,11.45,154.0,16.87,174.21,34.76,8.0,27.2,52.17,121.97,3.46,57.48,51.24,63.98,2.24,17.07,10.98,9.55,50.03,230.63,170.0,8.56,2.83,13.15,18.18,52.91
2026-06-12,729.12,1343.2,3646.23,1014.07,745.0,129.01,875.14,1392.62,590.07,855.92,94.45,4487.5,320.61,225.05,1196.0,150.51,53.55,257.18,197.28,240.0,283.01,294.9,88.04,432.95,213.57,260.5,73.8,39.86,188.24,259.49,142.0,140.76,467.88,156.93,238.4,305.19,146.49,22.04,23.96,13.53,16.97,42.19,20.04,39.06,235.37,393.36,74.51,5.98,215.72,169.41,46.18,29.59,293.84,79.5,38.3,23.49,51.7,186.96,23.91,21.54,177.99,97.37,43.5,60.84,82.03,57.11,33.54,78.15,16.84,78.99,25.82,111.65,110.8,7.36,10.27,63.37,17.0,55.28,7.39,40.0,133.66,20.53,20.73,11.4,158.0,16.88,174.0,35.14,8.31,29.98,54.6,122.52,3.44,59.0,52.13,64.58,2.25,17.13,11.0,9.63,50.61,228.34,171.97,8.63,2.75,13.17,18.53,53.71
2026-06-15,743.5,1335.92,3688.07,1004.01,746.56,125.5,883.0,1503.1,644.37,862.86,95.62,4569.37,323.58,226.68,1312.55,150.59,51.52,286.0,219.0,244.11,285.55,292.61,89.44,429.66,187.36,268.0,75.57,43.42,190.27,281.81,143.72,139.9,464.5,159.89,242.1,307.66,145.0,22.97,25.5,13.69,17.3,42.13,21.1,39.63,234.03,400.13,75.62,6.25,212.88,172.22,46.24,29.97,293.43,79.26,41.08,24.35,52.49,197.18,25.08,21.45,181.7,97.98,43.6,61.0,83.63,58.55,33.56,78.01,17.25,82.39,26.31,111.45,110.56,7.48,10.51,63.97,17.21,55.82,7.41,41.25,125.86,20.21,20.77,11.4,161.08,17.73,173.99,34.9,8.22,30.05,55.28,122.43,3.55,60.35,52.29,64.93,2.26,17.39,11.59,9.7,51.47,229.5,175.5,8.65,2.75,13.3,18.75,55.48
2026-06-17,749.59,1327.92,3693.84,971.59,729.12,126.94,892.9,1548.68,664.4,840.0,97.7,4641.55,331.73,227.78,1293.55,145.66,51.43,289.87,213.5,246.29,285.13,294.98,91.11,429.07,179.9,272.9,76.2,43.14,191.24,280.63,144.28,137.0,458.38,158.04,243.14,307.42,146.75,22.95,25.49,13.7,17.34,41.8,20.0,40.08,233.25,400.8,75.17,6.34,215.03,174.1,46.62,30.16,290.63,80.55,41.38,24.25,52.9,195.03,25.25,21.12,186.97,98.1,43.5,60.6,82.73,58.34,32.78,76.71,17.26,83.68,26.89,109.27,110.49,7.45,10.07,66.4,17.4,56.29,7.42,41.63,120.8,20.6,20.77,11.41,160.5,17.85,171.37,34.81,8.28,28.45,55.0,122.1,3.6,59.58,51.43,66.33,2.3,16.7,11.04,9.78,51.38,230.0,174.5,8.46,2.85,13.36,18.98,57.0
2026-06-18,724.8,1332.06,3780.0,958.0,740.97,123.86,872.5,1484.31,639.42,845.0,98.05,4698.95,334.48,227.14,1265.21,147.2,49.33,282.32,198.84,249.61,282.52,298.12,89.82,429.44,177.33,276.84,76.67,40.1,191.32,269.73,144.0,136.3,453.0,157.5,242.11,302.07,148.07,22.66,24.41,13.65,17.4,41.77,19.95,40.57,235.31,397.48,75.45,6.42,213.94,175.05,46.46,30.5,287.38,83.5,39.6,24.35,52.7,187.21,25.13,21.3,185.0,98.09,43.6,60.4,83.44,58.6,32.84,77.0,17.56,84.98,26.6,108.39,110.27,7.45,10.28,66.46,17.44,56.73,7.53,41.3,119.0,20.46,20.77,11.8,161.0,17.7,169.5,35.09,8.14,27.39,54.0,119.91,3.59,58.97,51.37,66.2,2.08,16.75,11.2,9.79,51.18,230.55,170.0,8.5,2.8,13.5,18.87,56.4
2026-06-19,689.0,1335.7,3755.0,943.0,732.8,121.5,841.3,1336.21,555.81,828.84,98.88,4762.67,335.27,230.68,1154.47,147.4,48.52,261.39,179.99,252.86,287.52,299.0,90.27,434.28,186.36,281.46,77.62,36.88,194.81,249.28,144.93,135.55,475.0,158.0,246.31,299.14,154.25,22.7,23.1,13.68,17.71,40.56,19.8,40.65,242.94,398.33,75.6,6.43,218.65,175.49,46.14,30.31,292.09,85.4,36.38,24.76,53.21,180.68,25.15,21.24,190.5,99.64,44.5,61.12,83.7,59.57,34.12,80.28,17.94,89.97,26.8,108.39,111.0,7.44,10.48,66.09,17.21,57.37,7.52,41.07,124.25,20.99,21.48,12.14,162.0,17.62,169.5,35.95,8.28,28.17,53.29,121.77,3.54,59.26,53.0,67.11,2.16,16.7,10.99,9.77,51.0,235.0,172.0,8.62,2.82,13.5,18.93,55.93
2026-06-22,703.99,1330.19,3686.36,959.7,715.0,122.3,853.32,1393.2,571.48,819.09,99.02,4708.54,327.87,222.39,1185.33,144.72,48.76,265.05,187.73,249.91,288.12,297.63,90.15,432.61,186.02,279.78,77.42,38.38,195.81,252.53,145.0,138.66,470.75,155.85,246.04,298.17,152.6,22.5,23.63,13.64,17.65,41.6,19.92,40.5,238.7,399.8,75.64,6.49,208.82,175.17,45.93,30.61,293.1,84.76,37.5,25.05,52.56,181.85,25.21,21.15,189.11,99.0,44.12,60.99,83.44,59.45,34.61,79.41,17.7,93.39,26.55,109.47,109.5,7.42,10.39,65.1,17.49,57.79,7.55,40.67,117.28,20.73,20.88,12.31,163.5,17.47,169.03,35.0,8.48,28.5,54.23,121.49,3.63,59.95,51.45,67.5,2.17,16.95,10.5,9.8,50.92,233.0,172.5,8.61,2.84,13.49,19.65,56.36
2026-06-23,678.65,1355.0,3652.0,997.5,701.0,116.7,811.78,1373.59,558.58,805.55,99.0,4706.4,328.11,220.02,1155.13,143.91,47.4,257.47,186.39,252.09,288.37,296.11,90.54,436.0,185.72,279.66,77.5,36.96,196.27,248.5,145.4,138.45,470.0,154.0,246.29,293.06,151.31,22.32,22.85,13.58,17.55,42.0,19.87,40.75,231.09,389.79,76.39,6.37,205.51,173.94,45.2,30.17,289.89,84.8,36.03,24.89,52.38,178.83,25.09,21.5,183.4,98.84,43.56,59.4,83.15,59.54,32.97,79.86,17.77,93.0,26.6,108.9,109.51,7.37,10.36,64.7,17.49,57.15,7.63,40.16,114.52,20.38,20.61,12.55,160.06,17.3,171.0,35.4,8.19,28.0,54.5,122.1,3.61,60.13,50.41,68.0,2.15,16.81,10.29,9.78,50.8,231.57,171.0,8.1,2.73,13.3,19.28,54.84
2026-06-24,666.54,1394.08,3773.49,1016.24,718.9,113.16,788.25,1304.63,526.5,818.44,96.23,4672.2,318.17,225.22,1083.5,148.7,46.17,243.48,170.82,244.87,288.0,298.45,89.31,437.85,175.0,275.05,77.07,35.89,194.35,232.42,145.29,136.27,462.0,153.96,242.39,287.89,151.7,21.93,21.59,13.39,17.37,41.35,25.0,40.24,229.9,389.37,80.0,6.37,200.68,173.95,44.33,30.41,290.49,84.78,34.78,25.09,51.9,177.37,25.4,21.6,192.4,98.3,43.5,57.9,83.5,59.49,33.06,80.69,17.76,94.86,26.6,108.25,109.46,7.42,10.31,62.4,17.53,56.15,7.36,39.25,106.5,20.76,20.9,12.5,157.78,17.45,167.85,34.64,7.87,27.74,54.65,125.54,3.63,59.58,48.84,67.07,2.13,16.74,10.06,9.26,50.53,231.05,170.5,7.65,2.7,13.2,19.3,54.6
2026-06-25,670.05,1388.4,3789.87,1020.28,717.85,112.9,804.42,1320.55,541.33,820.17,97.51,4693.82,327.49,227.43,1130.0,151.68,45.12,251.0,180.76,245.82,282.13,296.96,88.82,443.25,167.02,275.5,77.34,36.05,194.0,243.22,146.64,136.08,460.0,157.31,245.84,291.54,153.83,22.17,21.91,13.36,17.47,41.49,21.05,40.11,226.64,387.47,81.02,6.36,201.55,175.99,44.33,30.57,295.5,85.04,35.25,25.27,51.42,179.09,25.81,22.02,192.64,99.29,44.23,57.95,83.65,60.49,32.89,81.2,17.88,95.5,26.41,109.47,109.5,7.76,10.43,61.99,17.69,55.69,7.45,39.87,99.88,20.46,21.1,12.56,156.0,17.5,164.26,34.47,7.93,27.78,53.39,124.5,3.73,60.05,47.54,67.09,2.09,17.1,9.99,9.34,50.4,231.47,170.5,7.57,2.75,13.4,19.1,54.22
2026-06-26,662.13,1396.6,3810.0,1029.0,699.43,111.0,798.03,1341.63,551.69,799.53,95.52,4675.15,318.08,225.97,1136.93,151.0,44.68,258.49,181.29,242.24,281.0,293.97,86.81,437.49,159.88,270.31,76.19,36.88,193.29,245.0,146.7,131.78,453.87,151.52,238.14,293.7,154.85,21.9,22.39,13.2,17.67,41.17,20.82,40.01,221.0,390.45,80.47,6.48,202.92,174.9,43.23,30.95,293.5,83.41,35.56,25.34,50.49,182.83,25.75,21.42,195.0,99.78,46.1,56.84,84.2,60.33,33.49,82.25,17.71,95.98,26.64,111.78,109.6,7.79,10.35,61.82,17.81,55.58,7.63,39.8,98.87,20.5,20.69,12.58,153.12,17.41,161.5,33.87,7.96,28.06,52.47,125.38,3.67,60.45,45.78,66.98,2.09,17.13,9.31,9.38,50.36,233.05,172.0,7.69,2.67,13.28,18.9,55.77
2026-06-29,662.13,1390.01,3846.53,1018.23,730.0,111.63,790.68,1303.17,541.8,838.97,96.29,4657.04,319.86,224.87,1100.8,149.9,44.55,248.34,174.3,244.1,264.84,295.37,88.84,445.01,160.09,272.5,79.0,34.97,195.55,238.82,146.95,131.33,450.0,154.52,242.16,294.17,155.95,22.35,21.43,13.26,17.49,41.17,21.06,40.8,229.19,389.68,79.94,6.4,204.26,178.0,43.36,31.54,297.21,83.96,34.5,24.9,51.28,178.0,25.47,21.3,194.37,100.77,47.52,57.1,84.09,60.84,34.25,83.07,17.97,99.58,26.5,111.9,110.67,7.86,10.47,62.46,17.63,56.74,7.55,40.18,99.5,20.52,22.08,12.4,156.6,17.45,165.0,34.6,7.87,27.7,52.63,126.0,3.59,61.06,46.29,67.04,2.07,17.27,9.32,9.5,51.51,236.0,175.46,7.84,2.7,13.2,19.46,58.19
2026-06-30,677.41,1368.21,3789.98,1021.78,707.07,112.8,810.0,1327.83,550.95,820.62,97.26,4750.13,323.07,227.86,1106.4,151.77,44.47,250.0,172.0,227.92,264.23,295.0,88.23,446.6,161.66,269.95,78.65,34.82,197.0,235.91,146.47,130.7,453.42,149.45,239.47,291.03,156.88,22.1,21.14,13.42,17.25,42.04,20.95,40.63,227.47,385.0,80.35,6.4,202.98,179.78,44.2,32.18,296.1,84.46,35.23,24.9,50.35,178.43,24.35,20.95,196.93,100.53,47.54,56.16,83.3,60.14,32.91,83.7,18.04,92.2,26.7,111.91,111.0,7.92,10.43,61.3,17.62,56.6,7.45,40.5,92.02,20.83,21.74,12.0,157.15,17.46,167.85,34.15,7.89,27.7,54.07,125.54,3.6,60.39,44.51,68.04,2.08,17.16,9.32,9.58,51.39,237.0,174.66,7.82,2.7,13.26,19.56,59.63
2026-07-01,671.43,1327.12,3709.2,984.02,718.83,110.9,798.2,1338.92,564.0,835.59,94.77,4729.06,314.3,224.87,1125.58,147.92,49.5,252.97,176.66,218.0,260.75,287.36,86.85,436.45,156.01,265.76,78.1,35.09,193.71,236.53,145.13,129.99,445.99,147.45,237.13,284.88,158.55,21.73,21.27,13.36,16.99,42.13,20.16,39.6,231.85,388.0,80.1,6.3,202.7,174.77,44.49,31.54,290.5,83.32,35.31,24.55,49.65,176.86,24.55,21.04,194.99,98.81,46.84,57.2,81.27,59.6,33.03,86.9,18.0,89.63,26.36,112.0,111.03,7.9,10.49,61.14,17.45,56.96,7.34,40.66,93.0,20.65,22.27,12.41,154.83,17.45,164.36,33.75,7.89,26.68,52.63,124.0,3.6,59.31,46.11,69.0,2.1,17.05,9.18,9.44,49.32,234.29,173.4,7.82,2.78,13.2,18.89,60.6
2026-07-02,675.71,1336.0,3720.77,1012.77,696.92,111.33,811.5,1369.92,573.18,800.28,96.31,4752.21,321.27,225.57,1147.22,151.0,47.63,261.96,174.14,223.0,267.74,291.3,88.71,430.3,159.51,269.95,79.19,35.93,196.07,239.15,145.74,130.95,442.66,150.49,240.61,282.43,157.0,22.15,21.95,13.44,17.23,43.04,20.4,39.54,230.39,391.67,80.53,6.36,198.8,182.22,44.72,32.22,290.55,83.84,36.2,24.78,50.46,177.6,24.61,21.21,194.73,98.99,47.49,55.7,81.17,59.77,32.73,90.0,18.32,87.93,26.42,112.0,111.28,7.94,10.58,63.17,17.6,57.87,7.34,41.18,91.57,20.76,22.68,12.71,155.0,17.57,166.31,34.4,7.96,27.15,53.35,127.27,3.64,59.03,49.41,68.84,2.08,17.2,9.67,9.51,50.04,233.58,172.8,8.0,2.77,13.24,19.06,60.45
2026-07-03,680.93,1342.76,3716.0,998.22,688.01,111.89,816.51,1390.61,588.61,788.49,96.42,4773.72,322.37,233.38,1192.17,152.77,47.33,275.1,183.97,222.16,264.46,291.97,91.08,432.42,158.16,271.59,79.85,36.0,196.17,247.16,146.48,131.46,439.05,154.48,243.07,286.83,157.74,22.53,22.67,13.46,17.41,43.81,20.2,40.0,238.49,394.49,81.0,6.42,200.89,185.83,45.15,32.6,292.98,84.08,37.63,24.97,51.23,182.85,24.74,21.38,196.0,100.0,46.81,55.7,81.17,60.37,32.62,87.25,18.61,88.49,26.5,111.29,112.57,8.11,10.67,61.97,17.56,58.78,7.35,41.82,92.5,21.2,22.61,12.82,156.57,17.51,165.05,34.65,8.03,28.4,52.54,127.24,3.69,60.14,49.5,68.13,2.08,17.0,9.59,9.53,50.05,231.1,175.14,8.2,2.79,12.98,19.05,61.14
2026-07-06,677.77,1295.03,3674.9,991.13,702.8,112.02,815.04,1369.28,564.69,811.25,98.39,4794.44,324.29,226.85,1175.0,152.81,48.06,263.63,182.63,224.64,265.41,288.81,90.87,436.62,161.0,273.74,80.13,36.14,195.99,247.92,146.53,133.31,440.0,153.0,241.77,286.06,156.5,22.35,22.3,13.43,17.49,45.1,20.2,40.0,234.1,395.99,80.49,6.52,199.55,182.75,45.49,32.72,290.88,80.42,35.94,25.22,50.92,183.25,24.8,21.21,194.45,99.0,46.89,54.4,81.2,60.64,32.56,87.37,18.63,87.84,26.08,111.29,112.1,8.02,10.7,61.97,17.7,56.61,7.54,42.14,92.7,21.32,21.94,12.86,156.94,17.5,164.5,34.0,7.97,28.3,52.4,126.52,3.66,59.8,47.51,69.31,2.06,17.05,9.31,9.61,49.38,226.09,170.95,7.83,2.71,13.17,19.0,61.12
2026-07-07,656.8,1329.2,3730.12,1011.0,732.0,111.39,787.53,1331.97,552.36,853.07,97.36,4794.44,323.05,219.0,1113.7,151.0,46.08,252.79,180.23,218.27,260.62,288.0,89.46,441.74,163.58,270.11,80.39,34.78,192.42,242.41,146.91,133.8,445.36,153.72,239.91,279.09,152.67,21.99,21.76,13.12,17.42,44.66,20.55,39.74,235.5,397.0,80.53,6.46,197.53,180.54,44.98,32.8,286.0,81.37,35.0,25.05,50.6,180.0,24.78,21.35,194.3,98.63,46.38,53.26,80.7,60.93,32.5,87.67,18.51,86.9,25.96,110.92,112.89,7.91,10.62,60.85,17.65,56.98,7.58,41.31,91.66,20.72,22.06,12.81,155.67,17.6,163.0,34.21,7.81,28.37,52.01,124.84,3.66,58.94,47.69,68.42,2.06,17.0,9.11,9.63,48.99,220.2,171.8,7.79,2.76,13.25,19.53,59.95
2026-07-08,636.58,1312.4,3678.35,999.92,763.0,108.84,756.61,1285.69,535.53,893.39,94.89,4700.5,317.29,215.0,1056.0,147.42,44.4,237.29,169.22,212.74,254.97,283.0,86.88,433.86,170.32,267.21,78.44,33.3,187.8,225.44,145.16,133.69,443.86,151.0,236.05,266.33,150.4,21.15,20.57,13.01,16.98,44.24,20.22,39.1,225.29,392.0,78.5,6.25,194.26,176.04,44.37,32.96,279.91,80.31,33.55,23.77,48.96,173.51,24.3,20.6,195.66,96.01,45.84,53.0,79.0,59.32,32.22,87.35,18.13,85.11,26.78,111.9,110.46,7.75,10.65,59.26,17.5,54.66,7.44,40.2,92.87,20.55,21.58,12.84,153.7,17.38,160.0,33.6,7.68,28.28,51.22,123.17,3.59,58.63,45.87,69.8,2.07,16.3,9.0,9.53,47.09,216.88,167.06,7.75,2.75,13.25,19.0,57.02
2026-07-09,655.21,1289.6,3706.0,985.0,745.25,112.61,780.9,1335.94,556.33,865.28,95.97,4700.0,319.87,225.8,1077.62,150.02,44.29,245.19,178.6,213.29,256.58,282.8,88.25,428.0,170.0,266.24,79.41,34.25,187.67,234.43,146.34,133.51,442.23,151.4,233.0,268.95,147.08,21.16,21.14,13.11,17.15,44.0,20.56,39.84,223.66,392.4,80.35,6.29,190.0,180.34,46.31,33.78,279.44,79.35,34.79,24.02,49.2,170.3,24.44,20.55,194.04,94.35,46.29,56.4,80.84,59.73,32.49,89.99,18.31,87.82,26.71,111.7,110.08,7.88,10.61,59.79,17.65,56.66,7.53,40.7,90.1,19.96,22.35,12.9,155.0,17.45,159.95,32.0,7.81,28.33,51.55,122.41,3.6,59.28,45.85,71.7,2.08,16.45,10.33,9.59,46.7,214.0,167.49,7.75,2.75,13.08,19.37,56.84
2026-07-10,668.89,1302.26,3702.0,977.92,742.0,111.83,788.57,1330.0,560.0,859.91,96.85,4743.54,324.48,228.59,1090.0,152.59,46.34,248.49,181.7,215.97,259.37,283.7,89.27,431.3,170.15,270.99,80.37,34.58,190.15,233.52,147.7,133.47,446.14,155.65,235.42,284.11,151.05,21.77,20.85,13.23,17.35,43.79,20.6,40.24,225.0,398.15,81.45,6.41,194.0,178.95,47.55,35.0,286.24,79.4,34.86,24.7,49.3,174.1,25.18,20.85,195.23,95.94,46.76,57.13,82.4,61.0,32.6,90.5,18.6,88.41,26.7,110.91,112.09,8.01,10.83,60.39,17.9,56.33,7.7,40.9,96.1,19.9,21.9,12.85,155.0,17.6,162.65,33.32,7.9,28.56,51.76,123.49,3.69,60.69,47.18,70.0,2.07,16.58,11.14,9.71,46.93,215.0,169.42,7.83,2.79,13.18,19.92,58.99
2026-07-13,671.09,1308.83,3704.68,962.27,736.76,112.89,787.8,1315.35,554.94,847.5,96.58,4690.5,322.12,228.03,1082.21,155.32,45.81,248.02,182.6,216.29,257.65,283.56,89.38,432.25,175.99,269.44,80.54,34.45,190.79,236.79,148.51,132.67,444.03,153.61,236.5,281.07,152.24,21.73,20.38,13.28,17.43,44.25,20.6,40.59,219.27,401.05,81.73,6.44,194.65,180.0,47.04,36.0,283.02,78.87,34.62,25.1,49.29,172.64,25.06,20.79,192.62,95.85,46.9,58.07,82.5,60.9,32.61,91.12,18.88,90.7,26.9,111.21,110.59,8.14,10.83,60.88,18.06,56.48,7.64,40.92,96.79,19.85,22.31,12.79,154.89,17.7,162.01,33.3,7.67,28.5,51.5,120.94,3.74,60.22,47.18,71.0,1.9,16.84,11.13,9.77,46.65,213.0,166.13,7.76,2.73,13.2,19.77,59.32
2026-07-14,693.74,1306.0,3692.0,957.31,739.5,116.5,803.0,1330.55,551.57,848.92,97.3,4712.02,321.98,229.46,1122.14,155.25,46.41,252.7,189.07,215.49,258.12,282.5,89.0,435.76,177.04,269.59,80.96,35.09,191.16,245.18,148.0,134.19,448.0,153.36,237.58,283.41,149.91,21.43,20.62,13.19,17.4,45.19,20.54,40.68,217.98,399.88,81.92,6.45,198.54,179.99,47.05,35.62,280.0,78.01,34.76,24.87,49.02,174.88,24.92,20.77,195.8,95.0,47.74,57.2,82.53,60.86,32.5,92.8,18.8,90.59,27.03,111.89,109.0,8.14,10.77,59.97,17.92,56.25,7.55,40.6,98.28,19.47,22.09,13.22,154.46,17.6,163.0,32.72,7.66,28.29,51.0,122.65,3.71,59.88,46.35,71.81,1.87,16.57,10.43,9.76,47.33,204.92,171.87,7.7,2.83,13.0,20.12,58.78
2026-07-15,697.41,1305.2,3966.0,969.17,773.57,115.32,791.04,1279.71,535.01,890.36,97.23,4701.74,320.0,229.55,1069.79,155.28,46.27,247.12,183.14,213.58,256.23,282.04,88.32,434.14,177.52,268.29,82.18,34.51,189.37,240.18,149.0,134.82,450.68,155.74,234.62,280.58,148.32,21.5,19.75,13.28,17.39,45.33,20.5,40.21,225.31,397.5,81.56,6.44,200.0,178.44,46.37,34.84,280.14,77.53,34.28,24.7,48.23,173.54,24.9,20.9,183.4,95.78,48.34,57.54,82.21,60.1,32.5,92.75,18.7,87.75,26.73,113.0,109.06,8.05,10.75,58.86,17.8,56.05,7.52,40.6,97.92,19.44,22.0,13.5,152.02,17.42,161.0,33.76,7.59,27.89,50.06,121.48,3.68,59.41,46.72,70.01,1.83,16.5,10.73,9.78,46.5,208.51,168.98,7.74,2.7,12.99,19.64,56.1
2026-07-16,669.03,1326.81,4004.1,987.13,760.02,114.36,771.26,1257.99,530.0,877.48,97.86,4738.66,323.52,234.0,1080.32,155.63,45.89,245.6,179.12,216.56,257.62,282.5,88.68,435.79,183.46,273.07,82.88,33.3,191.2,234.69,149.2,136.69,452.04,162.31,236.0,279.26,150.17,21.6,19.8,13.43,17.39,45.46,20.55,40.51,224.05,399.0,81.98,6.46,199.84,179.64,46.85,35.46,280.45,78.0,32.58,24.72,47.92,171.05,25.02,21.25,183.94,95.12,48.34,59.23,82.38,60.45,32.5,93.06,18.76,86.33,27.53,111.98,109.52,8.15,10.84,58.01,17.88,54.98,7.56,41.56,98.41,19.05,21.87,13.67,152.72,17.55,162.12,33.35,7.68,27.9,50.72,121.3,3.71,59.74,47.91,69.13,1.87,16.37,11.09,9.89,47.05,211.23,167.89,7.85,2.84,12.93,19.37,57.25
2026-07-17,662.22,1341.1,3977.62,1032.54,729.06,113.45,755.37,1255.68,527.5,840.0,97.76,4714.99,321.98,232.99,1080.37,156.99,45.38,240.5,176.79,217.11,254.23,283.19,88.0,439.62,188.21,273.52,81.84,32.69,188.82,230.0,149.67,137.35,444.41,168.18,238.43,276.35,150.32,21.36,19.85,13.41,17.57,45.05,20.91,40.12,229.34,399.64,81.79,6.47,200.95,176.43,46.26,35.16,279.87,77.7,32.9,24.75,47.41,165.62,24.87,21.6,185.8,94.56,47.56,57.89,82.52,60.52,32.2,91.5,18.61,85.04,27.42,109.4,108.21,8.13,10.68,57.71,17.84,53.7,7.44,43.05,101.52,18.96,22.15,13.5,151.86,17.55,166.0,32.88,7.64,27.81,50.04,120.76,3.68,59.56,47.26,68.34,1.88,16.31,11.65,9.9,46.24,210.1,165.85,7.85,2.78,12.96,19.24,56.37
2026-07-20,667.17,1345.43,3986.09,1035.59,750.67,113.49,747.48,1242.08,515.38,855.7,96.46,4722.19,317.61,223.83,1074.7,152.53,47.19,239.0,174.7,220.18,252.0,282.1,87.0,440.55,188.79,272.0,80.78,32.9,188.72,225.22,148.92,137.49,438.91,161.56,236.45,268.59,155.0,21.38,19.74,13.2,17.38,44.77,21.5,40.01,228.28,401.15,81.9,6.37,199.36,173.27,46.27,34.65,280.13,79.8,32.46,24.74,47.28,165.08,24.71,21.6,186.0,93.93,46.78,55.99,82.06,59.68,32.19,91.0,18.51,85.4,26.78,108.47,106.3,8.03,10.64,55.6,17.84,53.37,7.36,42.2,99.9,19.58,22.1,13.41,152.33,17.32,163.16,32.61,7.6,27.43,50.5,118.52,3.67,59.62,46.76,71.15,1.89,16.34,11.0,9.97,46.0,209.88,167.0,8.06,2.71,12.99,19.6,56.33
2026-07-21,678.0,1344.05,3977.76,1015.85,721.82,116.01,765.78,1272.01,526.39,822.47,96.07,4691.36,320.87,223.27,1108.86,152.46,49.95,250.52,177.42,220.4,252.66,283.65,86.63,436.82,189.25,273.98,80.46,34.22,189.77,225.82,149.25,137.81,437.24,159.08,236.8,255.01,143.61,20.96,20.22,13.07,17.28,44.41,21.0,40.5,227.56,399.8,80.57,6.38,201.23,167.0,46.05,34.01,280.45,78.43,33.95,24.66,47.08,166.89,24.39,21.2,185.0,93.5,47.01,56.0,81.5,59.5,32.16,91.69,18.36,84.18,26.78,108.02,106.27,8.03,10.81,54.65,17.6,52.2,7.23,42.17,101.08,19.47,21.8,13.49,153.2,17.0,168.5,32.68,7.45,27.66,50.73,118.15,3.63,59.1,46.76,69.99,1.92,16.2,10.98,9.87,46.54,207.72,169.24,8.43,2.75,12.95,19.54,55.8
2026-07-22,694.47,1368.62,3952.67,1016.52,693.74,118.52,773.98,1342.88,553.83,787.97,96.23,4670.0,318.5,228.68,1161.19,156.16,52.22,264.77,185.59,219.29,253.68,278.26,86.4,439.79,186.25,274.44,81.03,35.82,189.43,234.63,148.8,138.37,438.64,163.37,237.95,252.34,149.6,20.35,21.16,12.92,17.12,43.07,20.7,40.5,219.51,396.71,80.6,6.23,200.93,161.27,44.15,34.08,279.05,76.57,35.56,24.32,46.65,171.08,24.01,21.22,180.63,92.86,46.95,56.57,80.76,58.14,31.14,91.08,18.33,83.32,26.85,110.0,103.9,8.01,10.8,52.55,17.49,50.68,7.12,41.41,105.0,18.69,21.95,13.44,151.56,16.97,168.46,31.89,7.31,27.79,50.52,118.76,3.58,57.75,47.19,68.57,1.95,16.16,11.12,9.75,45.59,205.54,162.5,8.54,2.66,12.81,19.31,54.0
2026-07-23,704.19,1345.17,3892.6,1003.35,695.68,120.25,817.2,1307.46,543.06,795.11,94.0,4559.85,314.22,223.06,1109.42,152.22,53.03,259.62,175.97,216.61,256.11,271.8,84.34,432.15,206.0,268.93,80.57,34.77,186.58,222.37,147.73,136.94,445.8,160.2,232.72,253.45,149.54,20.45,21.0,12.68,16.82,43.1,20.83,40.2,210.77,389.01,81.59,6.17,206.2,159.8,43.98,33.84,269.2,75.13,34.5,23.97,44.83,157.32,23.82,21.64,177.75,90.66,46.4,54.46,79.48,58.12,29.85,92.12,17.99,83.0,26.63,110.78,101.19,7.93,10.55,50.81,17.14,50.0,7.17,40.88,109.74,17.97,21.38,13.35,149.54,16.8,164.77,32.13,7.5,27.69,50.65,119.09,3.55,56.68,47.0,67.73,2.02,15.99,11.19,9.75,44.71,202.95,154.75,8.4,2.73,12.75,19.06,52.6
2026-07-24,698.62,1367.61,3939.6,1024.89,700.53,120.7,830.88,1332.38,548.93,789.6,95.87,4609.14,320.17,227.19,1120.38,153.72,52.0,268.22,177.0,219.37,255.05,276.3,85.07,440.57,200.2,272.81,80.83,35.18,188.5,227.2,148.92,140.61,447.85,162.32,235.74,261.43,146.01,20.6,21.36,12.66,16.82,43.42,21.01,40.44,212.27,396.67,81.5,6.17,203.82,160.84,44.71,33.55,272.74,75.48,35.34,23.86,44.77,154.77,23.93,21.97,178.04,92.02,46.6,53.59,79.95,58.32,29.65,93.3,18.1,83.07,26.7,110.1,101.38,7.94,10.73,51.3,17.28,50.54,7.24,41.56,107.43,18.35,21.56,13.42,151.5,16.73,168.04,32.5,7.49,27.69,50.75,118.25,3.52,56.87,47.59,68.51,2.03,16.05,10.94,9.67,44.69,206.55,154.0,8.35,2.66,12.85,18.99,52.6
2026-07-27,697.0,1347.45,3971.19,1014.4,723.29,116.03,810.21,1342.78,546.63,813.31,96.18,4628.37,324.0,234.26,1129.15,157.45,51.5,263.7,175.06,220.7,258.24,277.11,86.03,443.89,194.06,272.63,81.81,35.09,190.84,229.0,148.37,143.56,444.56,170.4,241.14,258.74,149.0,21.01,21.07,12.9,17.03,44.05,21.0,40.49,214.69,399.88,82.0,6.28,199.66,165.4,45.18,33.68,274.0,75.7,34.84,24.02,45.6,157.15,24.3,22.31,179.01,92.94,46.9,52.52,79.85,58.87,30.3,89.5,18.36,83.0,26.78,109.48,101.65,8.08,10.8,52.42,17.4,51.39,7.21,41.8,102.0,18.35,21.25,13.5,150.0,16.79,166.0,32.22,7.43,27.76,52.53,120.95,3.56,57.17,47.5,69.7,2.04,16.27,11.26,9.76,44.44,204.01,157.63,8.63,2.63,12.78,18.89,52.7
2026-07-28,690.62,1395.0,3944.4,1042.8,733.33,112.68,794.83,1315.8,542.83,822.77,96.0,4600.73,325.0,232.83,1104.0,157.23,52.4,260.15,167.88,221.99,258.52,275.79,86.08,446.21,188.67,271.09,84.0,34.71,191.99,223.09,148.5,142.56,461.58,171.37,242.52,260.62,149.32,21.36,21.1,13.36,17.33,43.19,21.66,40.45,216.55,400.44,80.73,6.41,194.45,166.93,44.49,33.4,275.34,74.71,34.54,24.44,45.96,155.68,25.1,22.23,178.74,92.5,46.58,53.81,81.99,59.78,30.19,90.0,18.51,82.85,26.63,108.53,102.05,8.21,11.05,54.25,17.65,51.95,7.37,41.66,96.47,18.18,21.33,13.0,150.4,17.3,168.4,32.03,7.46,28.02,53.66,122.62,3.55,57.69,47.89,71.5,2.1,16.35,11.36,9.8,43.4,210.44,155.82,8.77,2.59,13.28,19.45,52.19
2026-07-29,691.95,1402.46,3845.36,1058.34,752.48,115.6,799.99,1285.61,538.2,855.01,96.18,4603.2,323.18,230.54,1154.77,156.14,52.46,258.11,173.88,223.61,258.24,279.27,85.6,447.68,194.96,271.88,83.19,35.0,190.66,226.1,148.95,140.09,455.0,173.25,244.11,258.32,148.0,21.53,20.5,13.28,17.4,43.41,20.01,40.58,216.55,404.09,81.75,6.38,203.28,169.61,44.81,33.62,276.64,75.05,33.97,24.6,47.02,156.9,25.15,22.19,179.7,92.89,46.39,54.96,81.71,60.17,30.25,90.34,18.89,83.65,26.68,108.37,103.63,8.05,11.11,55.95,17.65,52.36,7.3,41.76,101.16,18.56,21.35,12.24,151.4,17.14,171.0,32.46,7.42,28.0,53.5,122.14,3.5,57.61,49.11,71.33,2.11,16.23,11.45,9.83,42.8,209.15,154.49,8.9,2.61,12.8,18.89,53.15
2026-07-30,707.21,1402.57,3895.18,1020.89,755.89,119.35,831.09,1322.91,546.95,856.91,97.45,4659.72,327.02,229.91,1231.33,160.0,53.7,261.58,184.83,225.46,259.56,280.73,86.9,449.48,193.55,277.24,82.75,36.62,191.1,233.72,149.63,143.06,452.0,194.5,245.51,261.79,148.06,21.11,21.4,13.2,17.45,43.54,21.38,40.6,217.55,402.42,81.3,6.4,202.31,167.77,45.31,33.55,274.58,75.76,34.2,24.6,48.02,165.17,25.23,22.05,177.35,90.11,47.06,55.48,82.56,60.28,30.28,88.44,18.95,84.7,26.69,105.75,105.64,8.04,11.17,56.26,17.88,52.86,7.41,42.2,102.02,18.55,21.43,12.5,151.53,17.37,170.7,32.73,7.47,28.24,53.71,122.76,3.53,58.42,48.69,71.91,2.16,16.48,11.9,9.83,43.79,211.37,158.03,8.71,2.71,12.79,18.99,52.62
2026-07-31,705.08,1429.22,3925.5,1015.11,761.98,121.5,838.23,1251.55,537.8,867.48,98.68,4714.09,329.22,204.97,1239.76,160.04,52.9,260.56,179.58,227.91,262.16,287.0,87.88,452.78,194.28,279.64,82.6,35.88,194.39,236.14,151.4,145.49,449.02,198.1,248.07,262.45,149.1,21.29,20.59,13.36,17.68,43.51,21.2,40.84,220.54,404.0,84.79,6.53,203.74,170.07,45.32,33.7,275.77,78.02,33.89,25.22,46.98,169.34,25.31,22.03,178.28,90.0,47.59,54.59,82.99,60.91,30.03,90.02,18.93,84.87,26.7,105.55,104.94,8.1,11.28,56.58,17.85,53.14,7.35,42.44,101.2,19.01,21.5,12.85,150.7,17.55,172.64,32.99,7.46,28.77,53.19,125.0,3.5,58.41,49.01,73.25,2.28,16.4,11.88,9.82,43.43,212.2,157.34,8.75,2.68,12.8,18.93,53.31
2026-08-03,692.62,1394.85,3961.8,989.47,782.54,120.0,823.31,1358.89,557.58,892.97,100.46,4809.86,331.04,208.76,1227.18,161.0,53.25,270.03,180.93,228.1,261.64,285.21,88.46,444.29,187.25,276.77,81.14,36.4,195.89,237.07,151.0,145.32,449.52,197.63,248.81,251.71,146.71,21.44,21.21,13.46,17.74,43.6,21.43,40.72,219.0,393.74,85.5,6.5,201.21,172.16,45.28,33.84,275.08,77.91,34.6,25.17,46.12,164.45,25.6,22.33,182.5,89.0,47.66,56.15,82.95,60.83,30.25,89.87,19.22,87.15,26.5,103.15,106.21,8.1,11.6,57.0,17.95,52.7,7.32,42.71,96.22,18.71,21.25,13.12,149.5,17.51,175.84,32.61,7.45,28.51,52.52,121.8,3.49,57.49,45.89,72.5,2.25,16.35,12.32,9.9,43.7,207.8,159.0,8.84,2.69,12.74,19.0,52.8
2026-08-04,712.95,1384.56,3966.0,974.69,793.02,122.25,862.0,1337.51,565.0,912.0,101.51,4881.27,336.52,204.28,1350.0,160.0,54.94,278.6,191.16,231.43,263.07,287.27,89.88,443.0,183.31,294.23,82.07,39.1,195.87,248.73,151.54,148.0,454.82,202.1,250.47,255.33,147.92,21.56,21.6,13.64,17.69,43.75,25.0,42.44,218.65,401.54,84.79,6.45,200.86,174.5,46.08,34.1,278.9,78.0,35.4,24.85,46.11,170.31,25.3,22.4,180.0,90.7,47.95,54.39,82.51,60.31,30.0,89.73,19.14,86.5,26.68,104.61,105.11,8.09,11.45,56.57,17.81,53.34,7.2,43.0,95.75,18.78,21.78,13.06,151.0,17.25,176.62,32.13,7.46,27.87,52.24,123.37,3.48,59.24,47.6,71.93,2.21,16.26,12.56,9.87,43.83,209.64,158.48,8.55,2.64,12.68,19.05,52.2
2026-08-05,729.75,1385.47,3950.22,961.56,787.39,125.6,880.0,1446.99,614.43,897.0,100.61,4840.38,330.75,201.5,1375.78,159.25,56.5,298.94,202.45,228.58,263.23,287.12,88.65,435.66,181.61,291.16,82.33,40.57,198.15,262.0,151.01,148.07,447.49,199.41,251.24,256.42,147.78,21.4,23.06,13.24,17.6,44.69,25.0,42.61,216.3,401.72,83.6,6.42,198.83,177.39,46.6,33.99,281.75,78.0,37.56,24.87,45.91,180.12,25.01,22.45,179.68,90.8,49.42,53.15,82.35,60.55,30.13,91.75,19.18,88.5,26.72,105.39,108.21,8.09,11.52,57.58,17.66,53.22,7.11,43.58,96.27,19.05,22.11,13.38,153.5,17.26,177.0,32.0,7.48,28.1,51.89,123.06,3.49,59.7,46.57,71.37,2.2,16.19,12.5,9.9,43.88,211.79,157.4,8.49,2.65,12.68,20.02,52.5
2026-08-06,729.51,1387.37,3963.97,963.98,775.12,124.3,878.84,1430.96,609.76,878.4,101.29,4849.35,331.43,203.5,1390.0,160.5,56.07,297.39,200.61,231.14,264.18,285.86,89.28,437.57,183.46,297.37,82.75,40.63,196.69,260.68,151.54,147.52,460.12,199.42,250.8,253.81,152.35,21.5,22.58,12.99,17.65,43.22,21.52,41.95,218.6,407.36,83.11,6.48,198.87,177.26,46.51,33.8,280.56,78.19,37.1,24.99,45.84,177.88,25.07,22.36,178.98,90.5,47.99,53.25,82.03,60.39,30.07,91.65,19.13,88.3,26.01,105.86,107.57,8.1,11.67,56.65,17.69,53.2,7.08,43.72,98.0,19.1,21.99,13.1,154.66,17.36,182.0,32.12,7.44,27.9,52.62,127.74,3.49,60.53,47.0,71.5,2.22,16.21,14.07,9.9,43.95,212.53,156.34,8.65,2.66,12.7,20.47,54.0
2026-08-07,728.7,1370.59,3927.0,965.44,796.0,121.9,881.0,1569.87,663.54,912.03,101.03,4829.21,331.84,205.5,1440.0,157.63,56.63,319.02,212.98,231.02,264.07,286.21,89.19,434.99,179.77,295.2,82.68,43.43,195.73,269.32,151.98,147.15,455.53,201.0,248.22,259.45,152.21,21.8,23.63,13.11,17.67,43.76,21.02,41.93,216.0,409.0,81.84,6.51,199.5,180.14,46.57,33.83,282.0,78.3,38.62,24.99,46.37,185.97,25.38,21.65,179.99,91.04,47.75,54.28,82.2,60.48,29.99,91.3,19.0,88.5,25.38,105.46,109.19,8.0,11.63,57.56,17.79,53.7,7.12,43.73,96.48,19.05,21.73,12.9,154.36,17.4,176.49,32.15,7.37,27.49,51.62,124.9,3.48,60.08,45.8,71.83,2.25,16.43,15.29,9.87,44.13,212.08,157.05,8.7,2.63,12.7,21.12,53.25
2026-08-11,731.85,1301.86,4012.0,921.5,772.26,125.35,885.13,1570.03,653.09,875.03,99.4,4799.82,325.7,193.2,1449.55,153.24,56.88,317.2,212.16,230.0,258.78,284.52,86.59,435.69,188.82,290.94,81.7,43.12,194.54,267.69,151.23,146.43,445.0,197.3,245.0,258.66,146.82,21.56,24.6,12.75,17.56,43.48,20.71,41.26,215.61,401.39,82.39,6.4,200.86,179.34,46.0,33.66,277.67,79.32,38.9,24.91,44.85,184.06,25.0,21.38,176.89,90.0,46.5,55.22,81.7,60.0,29.51,90.84,18.82,84.92,25.1,106.75,107.23,8.02,11.41,57.54,17.56,53.59,7.14,42.85,102.76,19.34,22.0,12.82,150.78,17.31,174.67,32.12,7.24,27.6,51.28,109.98,3.44,59.55,45.17,71.12,2.25,16.21,14.62,9.75,43.55,208.48,155.34,8.59,2.47,12.95,20.72,52.8
2026-08-12,733.73,1278.78,3861.08,908.7,712.57,124.5,886.61,1589.91,661.95,809.93,98.92,4767.41,323.19,190.38,1481.13,152.2,55.96,321.5,213.34,230.0,260.0,307.85,85.89,433.0,186.15,292.05,80.74,43.28,193.52,269.67,151.44,146.09,440.42,194.23,244.4,253.25,145.35,21.0,25.12,12.56,17.5,43.47,20.81,41.2,210.54,400.52,82.07,6.43,195.33,176.3,45.12,33.5,276.93,79.59,39.31,24.82,44.32,184.47,24.92,21.12,177.25,88.5,46.49,55.14,81.9,59.84,29.52,89.02,18.63,81.42,22.25,98.17,104.69,8.2,11.33,55.13,17.75,52.27,7.13,42.44,100.29,19.29,22.13,12.82,150.0,17.4,167.7,32.05,7.21,26.46,50.62,107.68,3.49,58.9,45.49,69.79,2.21,16.3,14.76,9.71,42.68,206.0,152.48,8.4,2.65,12.95,20.35,52.38
2026-08-13,717.84,1305.0,3896.03,927.63,708.19,122.81,863.61,1539.0,642.0,793.0,99.21,4825.52,327.72,191.0,1410.37,149.71,55.38,314.52,203.88,230.7,258.78,311.8,86.5,433.39,182.17,293.87,81.61,42.82,192.85,257.36,151.78,148.07,445.51,194.23,246.5,244.25,143.33,21.19,23.38,12.96,17.51,43.2,20.89,41.04,214.38,408.22,84.18,6.48,191.1,182.0,45.43,33.24,281.0,79.99,39.04,25.03,45.33,178.0,25.28,21.3,178.0,90.19,46.09,55.45,81.7,60.0,30.1,89.99,18.47,83.12,24.03,99.4,105.58,8.36,11.34,57.53,17.69,54.95,7.14,42.5,97.38,19.11,21.8,12.65,151.25,17.42,166.29,31.9,7.19,26.51,50.8,106.5,3.48,59.36,44.0,69.81,2.11,16.27,13.82,9.75,43.11,208.55,150.17,8.2,2.66,13.21,19.82,53.0
2026-08-14,709.71,1284.03,3834.99,919.86,702.58,120.81,850.0,1558.55,649.23,786.7,99.04,4843.49,320.47,194.09,1421.48,150.05,54.31,315.5,209.94,224.28,259.21,309.73,86.87,434.26,186.43,295.72,81.93,43.49,193.17,260.71,150.56,147.8,443.0,192.25,245.46,245.98,143.68,21.32,23.82,13.08,17.31,43.17,21.25,41.45,210.58,410.92,83.9,6.37,185.32,178.36,45.46,32.73,284.0,79.97,39.62,24.72,45.53,180.87,24.6,21.08,177.41,89.23,46.21,55.93,79.62,59.0,30.0,90.38,18.48,83.3,24.03,100.1,106.69,8.22,11.56,58.1,17.6,54.57,7.17,42.5,97.62,19.25,21.5,12.57,155.4,17.17,164.5,31.41,7.15,26.18,51.04,106.6,3.4,60.01,45.44,70.1,2.02,16.21,14.22,9.68,42.92,209.52,150.98,8.12,2.86,13.0,19.88,53.18
2026-08-17,713.51,1262.77,3712.08,909.17,704.55,121.42,865.05,1605.11,673.98,792.51,98.16,4822.39,318.14,190.38,1458.0,148.24,55.34,325.58,221.5,223.1,258.95,308.18,86.97,435.28,188.74,301.88,82.48,44.64,192.56,270.85,151.47,145.61,444.17,189.72,243.87,243.44,141.94,21.08,24.75,12.99,17.19,43.06,20.75,41.45,209.17,410.0,82.51,6.38,186.46,170.3,45.32,32.4,279.94,79.5,40.22,24.76,44.9,184.04,24.41,20.91,176.79,88.0,46.09,54.7,78.61,59.11,29.99,89.9,18.33,83.34,24.19,100.8,105.66,8.19,11.59,55.42,17.48,53.65,7.09,42.6,107.45,19.42,21.9,12.54,154.52,17.2,165.43,31.41,6.86,26.42,51.08,104.31,3.46,59.32,43.32,69.7,1.95,16.05,14.33,9.66,42.7,207.89,149.1,8.05,2.8,12.59,19.5,53.37
2026-08-18,719.57,1270.59,3731.92,917.02,696.61,120.62,842.25,1572.99,668.55,779.25,97.33,4742.32,315.86,188.59,1412.68,148.26,54.61,315.26,209.25,222.6,257.93,307.09,85.92,436.39,193.55,302.59,82.05,42.85,190.48,262.29,149.55,145.46,445.35,190.45,240.38,243.11,140.55,20.76,24.39,12.87,16.93,42.75,21.1,41.44,209.5,407.31,81.94,6.26,187.53,164.82,45.08,32.17,279.95,78.07,39.78,24.42,44.61,177.28,24.23,20.9,175.5,87.98,45.7,54.82,78.21,59.0,29.36,90.29,18.31,82.09,23.65,98.55,103.62,8.15,11.51,53.84,17.43,51.81,7.05,42.55,113.0,19.33,21.79,12.5,153.81,17.0,160.95,30.66,7.04,26.2,50.72,104.08,3.44,58.41,41.0,68.73,1.96,16.2,14.14,9.64,42.05,205.84,147.45,7.96,2.83,13.07,19.2,52.6
2026-08-19,750.33,1248.0,3728.15,896.18,710.0,125.86,872.29,1703.41,709.45,795.72,97.86,4743.0,322.14,193.45,1453.59,149.77,55.45,338.88,228.73,225.61,256.74,303.28,86.16,435.04,198.19,306.13,82.2,46.79,191.7,283.07,149.47,140.77,445.0,187.54,243.78,241.29,141.88,20.86,26.1,12.97,17.16,42.57,24.8,40.94,208.4,406.1,81.88,6.23,190.01,167.75,45.42,32.0,280.71,76.81,44.65,24.35,45.06,188.28,24.33,20.92,176.72,87.13,46.14,54.93,78.5,58.72,29.58,91.36,18.32,82.75,23.45,100.0,105.25,8.3,11.88,55.78,17.74,52.19,7.05,43.29,115.18,18.9,21.9,12.45,154.9,17.04,162.76,31.07,7.11,26.25,50.46,108.44,3.51,58.35,42.21,68.0,1.96,16.2,14.77,9.67,42.5,206.61,149.07,7.84,2.75,12.84,19.43,53.43
2026-08-20,748.23,1249.46,3674.01,908.93,707.76,127.61,867.7,1803.0,725.05,781.57,96.37,4672.39,317.42,191.06,1410.88,147.83,55.71,350.28,224.17,224.77,252.86,297.15,83.96,427.43,197.84,300.73,80.7,47.52,189.5,280.03,149.84,140.14,437.86,187.33,239.1,234.93,143.64,20.21,28.0,12.76,16.6,42.51,21.11,40.22,204.74,402.35,82.12,6.2,184.0,166.12,45.16,32.2,276.28,75.0,47.52,24.25,44.07,186.53,24.05,20.88,176.3,86.0,45.9,55.6,77.72,58.32,29.47,91.64,18.11,81.6,24.27,100.5,103.7,8.2,11.57,53.62,17.63,51.3,7.03,43.0,117.5,18.8,22.0,12.5,154.02,17.0,159.65,31.38,7.0,26.0,49.37,105.0,3.5,57.18,40.41,67.6,1.96,16.05,15.69,9.61,43.16,203.0,147.39,8.02,2.7,13.0,18.91,52.45
2026-08-21,765.23,1256.57,3703.17,906.55,716.28,129.68,891.77,1902.4,759.35,784.76,97.87,4702.58,317.5,193.0,1494.0,146.43,56.78,375.91,237.0,227.0,246.88,295.75,84.65,430.96,200.0,303.23,79.75,50.16,191.22,289.62,147.36,137.99,436.05,188.49,242.0,243.77,147.63,20.42,29.36,12.65,16.47,42.2,20.95,40.28,209.01,398.75,81.87,6.13,185.33,170.4,44.65,31.18,274.17,76.06,48.61,24.1,43.68,194.47,24.05,21.02,175.16,86.72,45.65,55.53,76.98,57.7,29.0,90.0,18.12,79.74,24.19,100.17,106.36,8.2,11.55,54.6,17.58,51.61,6.9,43.21,118.04,19.46,21.75,12.4,154.0,16.85,158.74,30.63,6.95,26.0,49.27,102.08,3.46,56.52,40.35,67.96,1.91,16.07,15.77,9.58,43.46,202.75,148.9,8.23,2.68,12.81,18.68,52.45
2026-08-24,778.32,1273.38,3742.1,910.8,702.53,130.48,898.56,1915.0,758.44,764.13,95.91,4649.29,313.79,189.7,1447.0,145.58,57.35,365.55,233.74,223.8,243.67,298.52,84.5,430.0,197.8,299.61,79.38,50.15,189.0,290.0,147.65,138.19,435.36,187.45,238.26,243.0,147.04,19.83,29.94,12.47,16.41,42.04,21.09,39.34,200.83,397.21,81.43,6.1,186.08,162.68,44.24,30.58,272.0,75.45,49.49,23.81,43.23,191.15,23.9,21.0,174.48,85.5,46.11,54.23,77.1,57.47,28.66,90.29,17.92,83.85,23.99,100.5,103.8,8.13,11.34,53.15,17.62,50.85,6.86,42.73,122.68,18.83,21.61,12.3,153.0,16.84,159.5,30.94,6.75,27.45,48.51,101.4,3.43,55.0,38.39,65.95,1.89,16.1,15.09,9.46,41.0,197.99,146.71,8.3,2.72,12.75,18.37,51.63
2026-08-25,772.0,1254.89,3698.44,896.25,703.53,131.0,913.08,1922.32,766.09,764.74,97.21,4650.03,320.88,188.59,1369.15,146.15,58.38,362.66,229.63,227.6,246.88,302.2,86.84,429.91,185.14,304.12,80.25,49.74,189.93,299.06,148.57,138.44,435.77,186.65,238.89,241.58,148.69,20.05,29.96,12.69,16.37,42.05,21.14,39.5,199.52,401.61,82.57,6.15,184.16,162.72,43.89,30.64,271.3,75.29,49.2,23.9,43.6,190.32,24.0,21.13,173.3,84.47,45.96,53.74,77.42,58.01,28.5,91.06,18.09,78.94,23.76,100.0,104.69,8.12,11.54,53.28,17.65,50.97,6.85,42.55,119.19,18.91,21.77,12.39,154.0,16.85,159.63,30.72,6.63,26.5,48.72,99.44,3.43,55.88,37.88,65.2,1.9,16.03,14.62,9.66,41.09,196.49,146.36,8.32,2.7,12.97,17.86,51.5
2026-08-26,767.76,1253.56,3768.68,918.38,704.2,128.24,914.14,1890.0,772.93,765.46,95.81,4691.67,320.77,188.2,1396.52,146.58,58.63,358.54,227.01,229.86,258.51,301.1,85.1,437.99,181.75,293.63,81.1,48.9,190.41,295.46,149.4,138.96,431.35,186.66,238.1,238.08,154.48,19.93,30.02,12.68,16.37,41.5,20.88,39.03,199.5,415.8,82.1,6.05,185.53,162.0,43.99,30.73,271.6,77.0,47.95,23.75,43.4,187.39,24.03,21.07,174.79,85.0,48.31,54.33,77.2,57.89,29.05,92.32,17.9,82.35,24.13,100.98,105.0,7.9,11.5,52.3,17.65,50.3,6.84,42.7,120.32,18.97,21.66,12.4,154.78,16.3,158.13,30.88,6.72,26.76,47.74,99.39,3.41,55.84,39.95,64.75,1.87,16.04,14.4,9.44,40.91,193.01,144.79,8.0,2.72,12.65,17.77,51.31
2026-08-27,765.23,1252.75,3787.99,902.0,709.45,128.64,917.13,1887.68,768.97,772.49,94.81,4621.06,316.7,188.3,1393.87,147.89,59.79,340.96,229.26,228.54,252.72,307.13,85.35,442.97,181.0,292.38,88.39,49.07,193.04,298.61,150.35,140.18,435.74,190.02,234.99,238.47,160.53,20.0,30.24,12.72,16.38,41.79,20.77,39.69,201.17,431.2,81.5,6.12,184.01,163.42,43.9,31.66,271.21,77.09,48.32,23.9,43.59,188.21,24.19,20.92,178.0,86.0,48.81,55.06,77.83,58.05,29.08,94.82,17.99,81.4,24.0,98.49,106.0,7.95,11.65,52.79,17.7,48.24,6.89,43.51,123.32,19.7,21.74,12.5,156.34,16.5,162.01,31.0,7.05,27.65,48.87,101.0,3.46,56.25,40.42,64.5,1.87,16.15,14.1,9.5,40.99,192.71,144.02,8.13,2.74,12.7,17.99,50.84
2026-08-28,775.0,1273.76,3880.0,903.49,722.0,129.99,931.5,1862.35,768.65,789.39,96.13,4667.64,319.15,190.0,1477.28,149.06,60.9,333.85,237.32,231.47,258.47,307.0,87.05,446.55,190.66,296.18,89.83,50.28,197.83,306.51,152.09,144.23,436.48,191.17,236.93,241.23,158.67,20.06,30.38,12.77,16.56,42.13,20.77,40.27,200.74,427.67,82.55,6.17,187.0,164.63,44.57,31.97,273.51,77.72,47.23,23.9,43.48,189.44,24.38,21.53,177.28,86.0,49.75,56.38,79.58,58.59,28.8,96.0,18.15,80.57,24.5,98.64,108.27,8.13,11.76,52.8,18.01,47.68,6.95,43.8,125.79,19.42,21.74,12.45,156.01,16.65,162.34,31.03,7.28,28.4,48.87,102.0,3.52,56.68,39.35,64.4,1.9,16.23,14.47,9.6,42.01,198.21,146.91,8.17,2.78,13.0,18.0,51.75
2026-08-31,765.0,1285.44,3853.2,902.81,717.21,129.0,915.6,1800.49,740.51,788.15,95.29,4650.61,317.76,189.0,1376.85,149.43,59.8,313.43,224.85,228.94,258.27,308.24,86.66,450.04,195.0,294.51,87.45,47.69,194.09,291.28,152.01,141.85,435.18,188.04,233.8,239.18,158.3,19.71,29.34,13.04,16.4,41.52,19.31,40.19,198.5,414.99,80.73,6.13,188.75,163.28,44.3,32.1,268.7,78.16,45.04,23.48,43.12,180.34,23.86,21.15,176.03,85.15,49.97,55.32,77.85,58.06,28.47,94.5,18.01,79.5,24.59,99.34,107.15,8.16,11.88,51.06,17.91,45.75,6.91,43.64,131.13,19.15,21.67,12.86,157.19,16.64,164.92,30.18,7.32,28.45,49.83,101.99,3.46,55.59,39.01,62.93,1.91,16.08,14.78,9.57,41.4,195.82,144.21,8.5,2.76,12.8,17.9,51.58
2026-09-01,755.23,1267.85,3721.98,909.27,697.19,130.25,898.23,1768.92,735.87,768.22,95.3,4631.65,316.99,198.4,1407.36,147.58,59.29,312.11,228.69,227.0,252.13,312.04,85.87,458.11,194.4,295.05,87.28,47.29,192.47,308.91,149.4,142.38,432.59,185.21,228.93,238.13,156.5,19.42,28.16,12.86,16.19,41.42,20.26,40.2,206.5,416.5,80.82,6.08,191.0,158.71,43.9,31.55,273.67,78.52,45.05,23.61,42.65,179.26,24.0,20.42,176.53,86.26,49.16,55.52,78.37,57.83,28.02,91.51,18.1,78.92,24.45,98.51,109.0,8.16,11.68,51.21,17.8,45.07,6.86,44.19,125.28,19.5,21.84,12.82,156.08,16.7,163.76,31.1,7.36,28.77,49.83,102.28,3.46,54.48,38.97,64.0,1.89,16.02,13.9,9.55,40.4,201.22,143.25,8.51,3.08,12.8,17.48,52.69
2026-09-02,737.8,1271.46,3736.0,889.59,684.45,129.43,899.12,1745.15,727.84,748.79,95.82,4634.23,317.0,195.0,1367.49,147.88,59.37,313.58,225.25,225.53,252.48,314.31,85.6,453.76,201.0,296.0,87.37,51.08,190.8,306.99,149.23,143.93,429.53,185.38,224.5,235.57,145.0,19.28,28.52,12.75,16.29,40.62,19.96,39.95,202.49,414.94,77.91,6.06,190.05,157.23,43.56,31.43,268.0,78.02,45.66,23.63,41.99,175.87,23.75,20.13,174.84,84.49,48.84,56.5,74.57,57.6,27.42,90.62,17.9,75.95,24.4,99.34,105.89,8.07,11.53,50.87,17.61,45.22,6.77,43.26,131.24,18.88,21.85,12.88,154.13,16.7,162.13,30.12,7.46,28.3,49.3,100.5,3.44,53.25,38.54,63.69,1.9,15.9,13.91,9.54,39.74,199.0,142.0,8.82,3.0,12.69,17.46,51.75
2026-09-03,734.37,1275.94,3619.0,900.0,687.0,131.11,899.41,1757.78,762.33,746.18,95.84,4638.27,321.0,205.5,1385.83,150.65,60.23,327.75,245.61,230.5,259.7,312.36,85.56,447.79,200.6,298.88,87.72,52.35,191.56,313.92,148.92,142.9,435.0,179.9,231.08,245.9,154.44,19.65,29.86,12.91,16.4,40.1,20.36,39.96,203.34,404.06,77.58,6.13,192.91,159.39,43.88,31.77,271.46,76.0,46.93,23.9,41.34,182.9,25.0,20.35,173.8,84.32,48.96,57.08,75.44,58.64,27.23,91.09,18.08,77.93,25.13,98.92,107.91,8.2,11.59,53.86,17.72,45.95,6.93,44.14,135.57,18.65,21.84,12.75,154.2,16.9,162.73,30.04,7.42,27.18,48.7,99.53,3.5,54.31,39.71,64.0,1.9,16.0,13.57,9.59,40.7,200.36,143.03,8.74,2.98,12.9,16.96,51.09
2026-09-04,723.35,1280.44,3643.54,886.0,690.97,130.16,898.97,1735.1,766.75,753.92,97.23,4666.51,322.04,199.31,1379.83,150.21,59.8,324.0,242.02,232.0,262.43,315.18,86.62,445.83,197.0,298.81,87.38,51.84,191.6,321.26,150.28,144.15,436.17,184.36,230.0,244.28,150.43,19.78,29.55,12.79,16.55,40.13,20.35,39.6,200.28,411.0,78.49,6.14,196.46,161.84,44.1,32.0,271.82,76.25,46.22,24.01,42.19,183.08,25.0,20.65,173.5,87.39,49.25,54.56,76.5,58.93,27.26,91.09,18.14,77.73,25.43,100.93,109.45,8.28,11.69,53.88,17.85,45.8,6.96,43.05,139.35,18.8,21.2,12.7,154.24,17.26,162.12,29.48,7.56,26.9,48.02,101.9,3.5,54.63,40.09,63.71,1.92,15.94,13.6,9.68,40.49,200.69,142.31,8.7,3.03,12.9,17.5,51.45
2026-09-07,723.46,1258.35,3666.35,885.24,680.64,130.34,900.77,1775.04,779.48,742.56,96.68,4656.42,322.41,198.12,1403.67,150.71,58.67,328.67,248.43,230.35,262.76,314.36,85.93,441.57,203.47,299.01,87.1,53.51,192.64,324.5,150.05,143.97,432.47,181.52,230.58,246.98,153.52,19.6,29.5,12.81,16.45,40.1,20.17,39.45,195.73,409.0,77.47,6.04,199.17,160.6,44.24,32.0,270.56,76.07,45.54,23.94,40.6,186.6,24.56,20.67,173.84,86.9,48.75,54.68,75.9,57.87,26.78,88.3,18.0,78.54,25.53,100.24,115.88,8.24,11.75,53.76,17.75,45.36,6.84,43.29,138.12,18.5,21.28,12.72,153.0,17.05,161.71,29.9,7.47,26.51,46.47,101.4,3.44,54.8,40.0,63.56,1.95,15.76,13.3,9.61,40.5,199.02,144.83,8.58,3.0,12.79,17.5,50.99
2026-09-08,745.27,1293.66,3631.27,885.99,676.99,136.25,936.6,1730.73,770.8,738.22,97.16,4708.0,324.81,201.77,1432.69,152.07,59.93,326.09,246.5,231.99,265.73,315.27,86.57,439.31,211.88,301.31,87.1,52.84,194.67,325.06,149.52,147.32,434.11,182.97,231.57,250.08,156.41,19.73,29.68,13.14,16.45,40.28,20.36,39.16,195.5,405.2,78.0,6.02,207.35,162.81,44.02,32.01,269.15,76.39,45.67,23.99,40.06,191.23,24.62,20.5,171.95,86.73,49.05,55.28,75.89,57.98,26.18,84.78,18.23,77.94,25.41,102.63,116.11,8.29,12.08,54.78,17.64,45.79,6.79,43.75,142.09,18.89,21.14,12.91,154.35,16.89,161.57,30.19,7.25,25.92,47.85,101.87,3.43,54.47,39.17,64.22,1.95,15.76,13.48,9.68,41.28,196.25,147.76,8.64,3.01,12.82,17.82,51.09
2026-09-09,741.64,1246.63,3482.0,871.12,670.84,136.18,912.18,1749.72,741.0,729.0,96.23,4660.99,311.22,205.36,1458.46,153.62,60.1,333.77,245.84,229.5,257.5,313.49,85.22,443.57,232.75,294.75,86.77,52.64,192.88,326.67,143.83,144.51,430.01,179.64,232.03,244.41,157.97,19.67,29.54,13.06,15.94,40.41,20.21,39.07,190.71,399.59,75.66,5.98,203.55,161.9,43.75,32.62,265.74,77.49,44.18,23.8,39.81,190.91,24.91,20.31,170.31,84.05,48.62,55.25,75.7,58.79,26.1,83.52,18.11,77.66,25.52,101.82,116.04,8.23,12.2,55.03,17.47,45.97,6.77,42.99,149.0,18.49,20.82,13.4,154.0,17.08,162.11,29.0,7.29,25.9,47.0,101.0,3.46,54.35,39.85,63.29,1.91,15.6,13.19,9.56,41.05,198.79,144.13,8.78,3.0,12.63,17.5,50.88
2026-09-10,710.43,1264.68,3459.32,891.72,664.0,130.85,860.08,1684.41,730.49,730.62,97.53,4480.0,308.37,202.28,1455.82,150.9,58.25,329.58,237.68,227.01,254.91,313.5,81.7,446.09,237.38,294.58,83.15,51.0,192.77,319.65,143.38,142.94,425.96,180.53,232.63,244.12,156.65,19.25,27.73,12.89,16.09,40.25,20.01,38.18,194.35,396.46,75.73,5.99,205.81,159.75,43.28,32.26,263.41,77.0,42.83,23.61,38.54,185.76,25.04,20.27,169.71,83.19,49.14,53.74,76.21,58.7,25.88,85.1,18.07,76.32,25.22,102.69,115.9,8.2,12.0,52.54,17.66,44.96,6.82,42.48,148.91,18.31,21.0,13.25,154.61,17.15,160.85,28.68,7.25,25.63,47.55,99.2,3.42,53.54,41.0,64.15,1.88,15.72,13.14,9.55,40.92,197.0,136.2,8.57,2.95,12.6,17.91,50.11
2026-09-11,705.6,1258.0,3472.74,896.07,665.99,132.18,869.33,1686.94,731.15,725.28,96.9,4508.26,311.76,202.41,1433.93,154.04,57.5,335.41,240.63,227.48,266.15,313.7,80.4,447.35,233.3,295.97,84.03,51.12,198.68,322.0,143.66,144.04,430.26,180.2,231.85,242.46,157.0,19.19,27.06,13.11,16.0,40.54,20.0,38.82,186.13,407.12,75.21,5.91,207.09,160.53,43.24,32.59,259.13,76.51,43.78,23.61,38.11,183.53,24.45,20.2,168.08,82.21,48.81,54.11,75.56,58.37,25.79,85.1,17.98,77.4,25.71,117.67,113.88,8.17,11.84,51.95,17.41,43.61,6.73,42.4,143.32,18.19,20.75,13.26,154.07,17.15,158.01,28.88,7.39,25.74,47.0,100.67,3.37,52.9,40.0,64.0,1.97,15.6,12.93,9.6,40.61,197.33,136.95,8.8,2.8,12.48,17.8,50.08
2026-09-14,684.93,1296.96,3451.71,929.87,671.65,129.56,847.22,1629.02,701.8,728.63,93.37,4440.0,312.0,201.49,1389.25,156.95,55.52,316.79,231.82,225.77,267.8,313.95,80.65,449.69,239.16,294.34,85.06,47.84,197.16,302.86,144.21,143.45,429.88,177.41,230.0,237.2,158.98,18.8,25.65,13.37,15.73,40.18,20.03,38.22,186.19,406.63,74.27,5.89,204.5,161.0,42.79,31.97,262.37,76.29,41.23,23.35,36.17,175.47,24.7,20.1,166.64,84.0,48.87,54.31,75.47,57.82,25.66,87.0,17.86,77.11,26.52,124.64,113.23,8.13,11.7,50.5,17.38,42.96,6.79,42.0,145.0,18.52,20.58,12.95,152.1,17.14,157.83,28.75,7.47,25.75,47.37,101.33,3.39,52.89,40.1,63.69,1.97,15.57,12.8,9.6,40.5,202.19,135.86,8.61,2.64,12.72,17.47,50.91
2026-09-15,685.94,1285.18,3409.3,929.54,684.35,125.92,848.0,1609.23,696.43,743.98,94.61,4487.54,312.15,201.98,1417.81,156.0,56.1,314.19,233.22,227.31,272.3,320.13,81.96,447.82,240.81,298.17,86.17,47.57,196.09,303.99,145.18,143.56,430.88,183.36,231.4,236.43,157.26,18.36,25.35,14.05,15.99,40.35,20.36,38.6,188.79,411.0,73.99,5.98,205.2,160.51,43.42,32.35,262.74,75.98,40.95,23.64,36.9,178.89,24.72,20.09,169.9,83.53,49.01,54.62,75.87,58.75,26.06,86.5,17.8,77.08,26.64,124.72,110.28,8.3,11.74,49.9,17.44,44.45,6.84,42.7,140.9,18.54,20.75,13.44,156.4,17.5,159.39,28.61,7.46,25.75,47.11,102.89,3.43,52.5,40.36,64.23,1.98,15.88,13.05,9.66,40.93,202.45,135.8,8.52,2.74,12.8,17.71,51.72
2026-09-16,696.15,1297.51,3376.7,915.67,670.39,125.1,857.28,1637.89,698.5,729.58,93.88,4483.07,313.39,198.22,1423.4,154.21,56.17,318.59,233.27,220.11,269.92,311.6,81.21,445.34,233.26,295.85,85.34,46.29,195.03,290.73,144.0,144.98,429.49,182.21,231.59,232.89,156.36,17.96,26.77,14.1,15.97,40.06,20.57,38.41,189.93,408.98,76.03,5.97,203.75,160.99,43.47,32.21,263.28,76.82,42.24,23.55,37.71,178.1,24.86,20.28,170.14,82.6,49.33,54.6,76.58,59.82,26.23,87.93,17.96,77.62,27.84,123.8,110.21,8.16,11.83,50.33,17.55,42.5,6.83,42.73,132.1,18.7,20.85,13.75,153.71,17.44,157.91,28.5,7.65,25.75,46.43,103.0,3.4,52.7,42.4,64.0,1.96,15.75,13.5,9.63,41.0,200.41,135.94,8.42,2.69,12.81,17.59,51.25
2026-09-17,701.61,1283.79,3407.84,906.55,667.27,126.17,872.97,1661.15,706.83,716.7,94.31,4488.02,311.52,198.08,1465.11,154.54,56.69,325.93,238.04,220.95,270.5,313.2,82.9,442.18,229.09,291.0,85.55,47.37,195.82,299.79,144.96,143.7,423.54,183.59,230.2,224.78,155.79,18.0,27.64,13.98,16.02,40.08,20.15,38.2,206.3,410.0,75.78,6.01,189.0,163.45,43.29,32.6,266.36,77.76,42.5,23.65,38.4,181.96,24.64,20.5,180.0,84.2,50.9,53.98,77.05,59.75,26.69,98.03,18.1,78.6,28.99,123.27,112.57,8.2,12.0,51.0,17.78,42.93,6.85,43.09,127.87,18.85,20.95,15.05,154.14,17.93,158.02,29.16,7.74,27.32,46.87,102.93,3.44,52.73,44.55,63.8,1.98,15.79,13.2,9.7,41.69,199.95,139.48,8.4,2.74,12.74,18.3,51.55
2026-09-18,693.34,1255.32,3323.26,908.01,670.0,121.51,861.04,1627.18,688.78,714.6,93.87,4459.41,309.95,195.86,1410.08,152.02,57.09,319.71,230.35,217.99,265.0,318.56,82.16,444.52,223.56,291.0,85.56,46.45,202.15,292.3,143.82,138.9,428.01,180.49,233.66,225.13,155.54,18.28,28.1,13.88,15.8,39.56,19.33,37.5,204.13,413.99,74.78,5.89,184.08,163.13,44.33,33.61,271.56,77.84,42.41,24.09,38.22,174.81,25.4,20.0,183.94,84.73,52.43,52.36,77.67,61.21,26.85,99.03,17.89,80.56,29.88,123.5,113.33,8.2,12.09,49.4,18.13,42.49,7.03,43.99,123.9,18.66,20.71,18.49,157.0,17.92,166.61,28.68,8.01,28.85,46.58,101.67,3.5,56.36,45.8,64.0,2.15,16.36,13.27,9.77,42.99,198.0,139.52,8.15,2.79,12.74,18.3,51.55
2026-09-21,693.09,1260.6,3336.35,904.7,671.87,118.62,877.67,1630.73,680.8,715.75,94.37,4506.32,309.74,197.96,1372.97,152.01,55.98,314.26,227.77,222.56,268.57,319.92,82.24,447.48,222.05,298.01,85.29,45.08,204.71,287.27,146.26,141.05,435.21,182.0,232.0,228.03,164.38,18.44,27.61,13.99,16.05,40.52,20.37,38.64,206.47,413.04,75.49,6.05,184.17,161.85,44.34,32.77,273.95,81.21,41.91,23.97,38.28,173.46,25.33,20.16,182.38,85.12,52.2,53.52,78.0,61.11,27.1,99.55,17.93,83.17,30.08,123.0,112.26,8.32,11.8,49.87,17.91,42.21,7.06,43.63,120.67,19.28,21.15,16.77,157.0,18.13,162.5,28.53,7.83,27.9,46.65,101.61,3.5,57.45,45.36,66.0,2.12,15.9,12.38,9.66,41.72,197.16,139.26,8.16,2.8,12.75,18.18,51.95
2026-09-22,703.21,1279.8,3379.15,912.43,701.29,116.18,896.0,1648.61,682.58,748.59,94.15,4494.12,308.8,197.31,1354.7,151.89,56.09,311.0,206.03,222.09,267.31,320.16,82.09,444.6,221.0,297.08,86.33,45.11,209.49,283.51,146.76,139.47,440.67,182.11,230.01,229.0,159.48,18.47,28.17,13.81,16.16,39.95,20.2,38.65,211.4,405.24,75.42,6.1,179.98,163.39,44.26,32.75,273.56,82.21,41.88,24.2,37.76,171.54,25.66,19.87,183.5,86.18,52.25,53.71,78.22,61.42,26.9,98.37,17.85,82.62,29.57,122.0,113.0,8.25,11.97,50.05,18.13,42.4,7.2,43.35,117.17,19.46,20.7,16.15,155.71,18.16,164.18,28.52,7.96,28.37,45.08,101.52,3.52,58.17,45.02,64.31,2.12,15.91,12.89,9.81,42.3,195.11,140.84,7.94,2.82,12.78,18.02,52.49
2026-09-23,697.55,1261.17,3380.8,912.28,669.68,119.15,879.63,1617.01,669.53,711.82,92.68,4477.09,306.46,193.67,1305.02,150.08,56.2,305.7,198.74,220.28,262.78,321.77,81.24,441.75,231.49,292.87,84.18,43.26,207.16,266.07,145.0,138.31,439.62,180.5,228.77,227.0,158.64,18.15,27.7,13.77,16.04,39.5,20.0,38.98,212.0,403.81,74.41,6.05,177.29,161.69,43.78,32.35,268.39,81.5,41.93,24.12,37.14,162.78,25.53,19.6,184.0,84.97,51.8,52.68,77.63,61.61,26.65,97.12,17.75,80.12,29.12,122.39,112.6,8.27,11.66,50.34,18.1,42.42,7.13,42.67,120.93,19.14,20.89,16.25,153.53,18.0,165.1,28.49,7.95,27.99,45.22,101.42,3.5,57.69,44.09,64.39,2.12,15.8,12.8,9.9,41.54,189.0,139.5,7.97,2.84,12.77,18.16,51.73
