Ticker,Name,Price (R),Market Cap (R bn),Sector,FX Exposure,P/E,6mo Momentum %,Sharpe Ratio,ADV (R m),Valuation Score,Momentum Score,Sharpe Score,Combined Score,Quality Score
BHG,BHP Group,702.45,3610.93,Basic Materials,Rand Hedge,21.724771,11.6,0.63,420.8,13.0,86.0,86.0,57.0,52.0
ANH,AB InBev,1274.56,2504.73,Consumer Defensive,Rand Hedge,16.187325,5.0,0.2,446.2,20.0,76.0,76.0,54.0,41.0
CFR,Richemont,3350.1,1990.78,Consumer Cyclical,Rand Hedge,28.615145,6.9,0.33,527.9,3.0,80.0,79.0,49.0,47.0
BTI,British American Tobacco,917.1,1969.85,Consumer Defensive,Rand Hedge,13.866596,-3.5,-0.36,586.2,30.0,55.0,57.0,45.0,48.0
GLN,Glencore,125.52,1499.25,Basic Materials,Rand Hedge,16.779528,0.7,-0.07,577.1,18.0,66.0,66.0,47.0,11.0
PRX,Prosus,655.67,1398.18,Consumer Cyclical,Rand Hedge,7.361356,-18.0,-1.18,991.4,71.0,24.0,26.0,43.0,62.0
AGL,Anglo American,883.09,977.83,Basic Materials,Rand Hedge,,15.7,0.77,608.7,,87.0,87.0,87.0,15.0
ANG,AngloGold Ashanti,1492.3,786.47,Basic Materials,Rand Hedge,12.315777,-15.5,-0.51,1891.9,41.0,28.0,52.0,38.0,79.0
GFI,Gold Fields,595.27,543.7,Basic Materials,Rand Hedge,7.388378,-25.6,-0.99,1864.0,70.0,10.0,33.0,39.0,74.0
NPN,Naspers,701.77,539.91,Consumer Cyclical,Rand Hedge,6.7866282,-21.0,-1.2,1570.1,82.0,18.0,25.0,45.0,72.0
CPI,Capitec,4139.74,485.83,Financial Services,Domestic,26.472452,-3.6,-0.66,1256.9,6.0,53.0,49.0,33.0,83.0
FSR,FirstRand,86.21,485.18,Financial Services,Domestic,12.680232,-2.0,-0.45,1385.8,38.0,57.0,53.0,49.0,73.0
SBK,Standard Bank,290.64,473.0,Financial Services,Mixed,9.293669,-10.5,-1.3,778.6,56.0,32.0,23.0,40.0,74.0
MTN,MTN Group,184.73,339.1,Communication Services,Mixed,19.051495,-8.7,-0.58,986.5,17.0,40.0,51.0,33.0,27.0
VAL,Valterra Platinum,1242.8,320.06,Basic Materials,Rand Hedge,8.7824135,-19.3,-0.64,1229.0,59.0,22.0,50.0,42.0,80.0
VOD,Vodacom,153.29,296.85,Communication Services,Mixed,14.790182,2.8,0.01,300.8,24.0,71.0,69.0,52.0,33.0
S32,South32,57.01,257.14,Basic Materials,Rand Hedge,14.427135,8.1,0.39,70.7,28.0,83.0,81.0,61.0,69.0
HAR,Harmony Gold,266.2,172.13,Basic Materials,Rand Hedge,5.9352336,-2.7,0.04,1034.8,93.0,56.0,72.0,74.0,80.0
IMP,Impala Platinum,185.78,164.11,Basic Materials,Rand Hedge,5.318208,-27.4,-0.8,782.7,96.0,7.0,39.0,49.0,80.0
ABG,Absa Group,207.96,173.22,Financial Services,Domestic,7.481402,-16.6,-1.8,474.4,67.0,27.0,14.0,40.0,63.0
DSY,Discovery,257.42,175.48,Financial Services,Domestic,13.613188,2.0,-0.07,405.6,31.0,69.0,66.0,53.0,63.0
SHP,Shoprite,325.25,175.76,Consumer Cyclical,Domestic,21.753681,16.8,1.25,526.3,12.0,89.0,95.0,59.0,12.0
SLM,Sanlam,80.59,171.34,Financial Services,Domestic,9.171141,-8.1,-1.0,433.9,57.0,42.0,32.0,46.0,59.0
SOL,Sasol,253.35,160.57,Basic Materials,Mixed,13.3731985,25.2,0.95,867.4,33.0,95.0,90.0,69.0,30.0
BID,Bid Corporation,437.28,147.35,Consumer Defensive,Rand Hedge,16.591644,6.9,0.42,319.2,19.0,80.0,82.0,56.0,35.0
NED,Nedbank,276.86,127.87,Financial Services,Domestic,14.737757,2.5,-0.04,518.3,25.0,70.0,67.0,51.0,50.0
OUT,OUTsurance Group,80.63,127.46,Financial Services,Mixed,22.743095,10.5,0.62,247.2,10.0,85.0,85.0,55.0,71.0
SSW,Sibanye-Stillwater,40.46,116.25,Basic Materials,Rand Hedge,8.132673,-24.5,-0.9,596.9,65.0,13.0,36.0,38.0,41.0
REM,Remgro,201.4,114.13,Financial Services,Mixed,81.67331,0.2,-0.35,265.0,1.0,64.0,59.0,38.0,54.0
NPH,Northam Platinum,243.49,96.98,Basic Materials,Rand Hedge,7.1211333,-32.7,-1.37,541.4,73.0,3.0,19.0,34.0,69.0
NRP,NEPI Rockcastle,139.86,100.13,Real Estate,Rand Hedge,9.823733,1.4,-0.36,238.9,53.0,68.0,57.0,60.0,62.0
INP,Investec,129.38,81.41,Financial Services,Mixed,7.441008,-5.3,-0.75,154.9,68.0,48.0,42.0,55.0,79.0
RNI,Reinet Investments,431.61,81.93,Financial Services,Rand Hedge,,-21.8,-2.27,206.0,,17.0,8.0,14.0,8.0
MNP,Mondi,169.21,75.82,Basic Materials,Rand Hedge,,-10.1,-0.68,112.6,,36.0,47.0,40.0,23.0
BVT,Bidvest Group,225.08,76.64,Industrials,Domestic,12.471239,-3.5,-0.69,231.6,39.0,55.0,46.0,47.0,20.0
KIO,Kumba Iron Ore,218.97,71.33,Basic Materials,Rand Hedge,6.1507454,-32.3,-2.67,101.7,90.0,4.0,4.0,38.0,79.0
APN,Aspen Pharmacare,158.71,68.51,Healthcare,Mixed,,18.9,0.98,312.4,,92.0,92.0,92.0,56.0
PPH,Pepkor,17.88,67.34,Consumer Cyclical,Domestic,11.341615,-23.3,-2.41,327.5,48.0,15.0,6.0,26.0,37.0
PAN,Pan African Resources,25.22,53.3,Basic Materials,Rand Hedge,8.607383,-25.9,-0.96,265.3,60.0,9.0,34.0,34.0,82.0
OMU,Old Mutual,13.0,53.53,Financial Services,Domestic,7.010582,-5.9,-0.81,317.0,76.0,47.0,39.0,57.0,50.0
GRT,Growthpoint Properties,15.65,53.94,Real Estate,Domestic,7.175676,-9.2,-1.5,175.7,72.0,39.0,17.0,48.0,61.0
QLT,Quilter,38.28,51.86,Financial Services,Rand Hedge,20.07254,-4.9,-0.76,42.7,16.0,49.0,40.0,34.0,42.0
PHP,Primary Health Properties,19.67,50.94,Real Estate,Rand Hedge,14.433823,-4.7,0.1,13.4,27.0,50.0,74.0,46.0,46.0
MTM,Momentum Group,36.3,47.53,Financial Services,Domestic,7.39479,-1.1,-0.4,78.9,69.0,60.0,55.0,63.0,52.0
CLS,Clicks Group,210.3,49.65,Healthcare,Domestic,15.16419,-28.0,-2.16,387.0,21.0,6.0,9.0,13.0,29.0
SNT,Santam,482.0,52.91,Financial Services,Domestic,12.700577,18.6,0.94,88.9,37.0,91.0,89.0,69.0,35.0
HMN,Hammerson,71.45,41.53,Real Estate,Rand Hedge,7.7803283,3.1,0.03,26.2,66.0,72.0,70.0,69.0,57.0
RDF,Redefine Properties,5.99,42.57,Real Estate,Domestic,6.8539324,-4.4,-0.7,98.0,80.0,50.0,45.0,61.0,57.0
MRP,Mr Price Group,165.17,43.59,Consumer Cyclical,Domestic,12.050463,4.1,0.17,121.1,44.0,75.0,75.0,63.0,28.0
EXX,Exxaro Resources,174.4,40.72,Energy,Rand Hedge,6.089286,-21.9,-1.93,172.6,91.0,17.0,12.0,46.0,64.0
NY1,Ninety One,42.14,38.91,Financial Services,Mixed,10.653267,-8.4,-1.09,22.1,50.0,41.0,28.0,42.0,74.0
TBS,Tiger Brands,250.0,36.91,Consumer Defensive,Domestic,12.17406,-16.6,-1.96,161.1,43.0,27.0,11.0,30.0,56.0
KST,PSG Financial Services,30.37,37.56,Financial Services,Domestic,22.153284,7.9,0.45,28.1,11.0,83.0,83.0,54.0,73.0
BOX,Boxer Retail,82.05,37.83,Consumer Cyclical,Domestic,24.323528,16.0,0.93,60.3,7.0,88.0,88.0,56.0,13.0
VKE,Vukile Property Fund,24.3,36.52,Real Estate,Mixed,5.5361986,5.8,0.28,116.8,94.0,78.0,78.0,84.0,68.0
DRD,DRDGOLD,39.51,35.62,Basic Materials,Rand Hedge,8.384459,-22.8,-1.03,53.9,63.0,16.0,31.0,38.0,90.0
FFB,Fortress Real Estate,24.71,32.01,Real Estate,Mixed,6.026506,6.7,0.34,78.8,92.0,79.0,80.0,84.0,60.0
WHL,Woolworths Holdings,37.77,34.36,Consumer Cyclical,Mixed,15.034616,-25.5,-2.73,237.3,23.0,11.0,3.0,14.0,10.0
SRE,Sirius Real Estate,19.49,31.01,Real Estate,Rand Hedge,6.555184,-10.4,-1.38,15.8,84.0,33.0,18.0,50.0,58.0
ARI,African Rainbow Minerals,148.08,29.09,Basic Materials,Rand Hedge,7.030082,-40.7,-2.32,61.2,75.0,1.0,6.0,32.0,85.0
PMR,Premier Group,163.33,26.8,Consumer Defensive,Domestic,14.477757,-6.4,-0.71,64.4,26.0,45.0,44.0,37.0,51.0
ADH,ADvTECH,51.7,28.64,Consumer Defensive,Domestic,21.152609,17.4,1.22,40.6,14.0,90.0,94.0,60.0,57.0
AVI,AVI Limited,82.94,28.2,Consumer Defensive,Domestic,11.118422,-17.3,-2.27,123.2,49.0,26.0,8.0,32.0,58.0
TKG,Telkom,50.02,25.02,Communication Services,Domestic,7.1123595,-18.6,-1.27,33.4,74.0,23.0,24.0,44.0,45.0
HYP,Hyprop Investments,59.26,25.12,Real Estate,Domestic,6.6644444,7.2,0.44,78.5,83.0,82.0,83.0,83.0,72.0
RES,Resilient REIT,77.61,26.11,Real Estate,Domestic,5.335154,-3.7,-0.84,39.1,95.0,52.0,37.0,66.0,44.0
DCP,Dis-Chem,26.77,23.04,Healthcare,Domestic,23.605263,-26.7,-2.52,40.7,9.0,8.0,5.0,8.0,13.0
BYI,Bytes Technology,97.41,22.9,Technology,Rand Hedge,20.515465,54.6,2.49,41.0,15.0,100.0,100.0,66.0,80.0
NTC,Netcare,17.61,20.53,Healthcare,Domestic,12.347222,2.8,-0.01,51.4,40.0,71.0,68.0,58.0,20.0
DTC,Datatec,84.49,20.84,Technology,Rand Hedge,12.782739,19.7,0.97,62.4,36.0,93.0,91.0,70.0,14.0
GND,Grindrod,26.92,18.09,Industrials,Mixed,15.05,36.2,1.89,46.3,22.0,99.0,99.0,68.0,63.0
OMN,Omnia,123.0,19.22,Industrials,Mixed,14.351635,28.1,1.53,91.7,29.0,96.0,98.0,70.0,55.0
MTH,Motus,105.2,17.81,Consumer Cyclical,Mixed,6.271577,-10.1,-1.04,50.5,87.0,36.0,30.0,55.0,14.0
LTE,Lighthouse Properties,8.15,17.25,Real Estate,Rand Hedge,8.19,8.7,0.59,8.3,64.0,84.0,84.0,76.0,61.0
LHC,Life Healthcare,12.15,17.43,Healthcare,Domestic,13.096774,-0.1,-0.16,36.2,35.0,62.0,64.0,52.0,62.0
EQU,Equites Property Fund,17.83,15.72,Real Estate,Domestic,10.225989,4.1,0.09,18.4,52.0,75.0,73.0,65.0,66.0
TFG,The Foschini Group,49.19,15.71,Consumer Cyclical,Mixed,12.183374,-31.3,-1.82,66.8,42.0,5.0,13.0,21.0,14.0
TRU,Truworths International,43.75,16.68,Consumer Cyclical,Mixed,6.230876,-17.9,-1.55,98.3,88.0,25.0,15.0,48.0,43.0
FTB,Fairvest,6.81,14.66,Real Estate,Domestic,3.7978141,1.1,-0.17,81.0,100.0,67.0,63.0,79.0,73.0
CML,Coronation Fund Managers,41.44,14.55,Financial Services,Domestic,8.546201,-10.1,-1.07,18.4,61.0,36.0,29.0,45.0,80.0
TGA,Thungela Resources,128.0,16.27,Energy,Rand Hedge,,-14.4,-0.31,77.9,,29.0,60.0,39.0,49.0
PIK,Pick n Pay Stores,19.39,14.53,Consumer Cyclical,Domestic,,0.5,0.04,35.5,,65.0,72.0,67.0,5.0
MSP,MAS,20.55,13.92,Real Estate,Rand Hedge,23.850574,5.6,0.24,32.3,8.0,77.0,77.0,49.0,70.0
SDO,Stadio,15.93,13.45,Consumer Defensive,Domestic,38.878048,34.0,1.34,55.3,2.0,98.0,97.0,59.0,73.0
SSU,Southern Sun,10.27,13.52,Consumer Cyclical,Domestic,11.544445,0.1,-0.21,6.5,47.0,63.0,62.0,56.0,65.0
JSE,JSE Ltd,148.55,12.34,Financial Services,Domestic,10.4946995,-10.2,-1.35,19.6,51.0,34.0,21.0,38.0,84.0
ATT,Attacq,17.65,12.5,Real Estate,Domestic,8.846535,3.6,0.04,11.0,58.0,73.0,72.0,67.0,68.0
HCI,Hosken Consolidated,154.12,11.45,Industrials,Domestic,4.7568073,-7.7,-0.82,5.4,98.0,43.0,38.0,64.0,52.0
WBC,We Buy Cars,25.84,10.85,Consumer Cyclical,Domestic,11.786364,-35.2,-3.31,31.2,45.0,2.0,1.0,19.0,27.0
PPC,PPC,7.51,10.99,Basic Materials,Domestic,13.375,22.2,1.15,23.7,32.0,94.0,94.0,69.0,63.0
AFE,AECI,96.85,10.25,Basic Materials,Domestic,26.972223,-13.9,-1.15,21.5,4.0,30.0,27.0,19.0,34.0
SUI,Sun International,43.53,10.66,Consumer Cyclical,Domestic,6.9921384,-7.6,-0.91,21.3,78.0,44.0,35.0,56.0,25.0
AEL,Altron,26.46,10.6,Technology,Domestic,13.344828,24.9,1.06,10.3,34.0,94.0,93.0,70.0,46.0
SAC,SA Corporate Real Estate,3.35,9.3,Real Estate,Domestic,11.689656,-6.1,-0.75,9.5,46.0,46.0,42.0,45.0,50.0
RLO,Reunert,55.2,8.65,Industrials,Domestic,9.695423,-19.6,-1.53,29.2,54.0,21.0,16.0,33.0,55.0
SPP,SPAR Group,46.88,9.13,Consumer Defensive,Mixed,26.634832,-23.9,-1.11,74.0,5.0,14.0,28.0,13.0,4.0
DIB,Dipula Properties,6.87,8.23,Real Estate,Domestic,6.8514853,-0.3,-0.29,7.1,81.0,61.0,61.0,69.0,67.0
SSS,Stor-Age Property REIT,15.47,7.97,Real Estate,Mixed,6.9111114,-9.2,-1.49,12.7,79.0,39.0,17.0,51.0,74.0
BAT,Brait,1.95,7.53,Financial Services,Mixed,6.290323,-9.7,-0.67,35.6,86.0,38.0,48.0,59.0,85.0
BTN,Burstone Group,9.26,7.33,Real Estate,Mixed,9.32,-1.6,-0.65,8.7,55.0,59.0,50.0,56.0,54.0
SAP,Sappi,12.46,7.83,Basic Materials,Rand Hedge,,-24.6,-0.72,26.7,,12.0,43.0,22.0,7.0
RBX,Raubex,41.34,7.55,Industrials,Domestic,7.0067005,-19.8,-2.14,8.9,77.0,20.0,10.0,41.0,42.0
WBO,WBHO,140.34,7.57,Industrials,Domestic,6.2931266,-12.5,-1.33,25.9,85.0,31.0,22.0,51.0,55.0
ARL,Astral Foods,184.79,7.36,Consumer Defensive,Domestic,4.6446886,-28.1,-3.16,17.0,99.0,6.0,2.0,42.0,60.0
KAP,KAP Limited,2.88,7.07,Industrials,Domestic,,31.5,1.31,13.4,,97.0,96.0,97.0,20.0
BLU,Blu Label,6.91,6.52,Communication Services,Domestic,,-20.0,-1.36,27.3,,19.0,20.0,19.0,1.0
SEA,Spear REIT,12.75,6.47,Real Estate,Domestic,6.2135925,-1.1,-0.39,8.8,89.0,60.0,56.0,71.0,77.0
SPG,Super Group,17.0,5.74,Industrials,Mixed,5.091988,-1.7,-0.28,12.5,97.0,58.0,61.0,74.0,15.0
FBR,Famous Brands,50.9,5.08,Consumer Defensive,Domestic,8.525001,-3.7,-0.43,5.2,62.0,52.0,54.0,56.0,26.0
