ticker,name,fx_exposure,exclude
ABG.JO,Absa Group,Domestic,
ACL.JO,ArcelorMittal SA,Domestic,
ACS.JO,Acsion,Domestic,
ADH.JO,ADvTECH,Domestic,
AEL.JO,Altron,Domestic,
AFE.JO,AECI,Domestic,
AFH.JO,Alexander Forbes,Domestic,
AFT.JO,Afrimat,Domestic,
AGL.JO,Anglo American,Rand Hedge,
ANG.JO,AngloGold Ashanti,Rand Hedge,
ANH.JO,AB InBev,Rand Hedge,
APH.JO,Alphamin Resources,Rand Hedge,
APN.JO,Aspen Pharmacare,Mixed,
ARI.JO,African Rainbow Minerals,Rand Hedge,
ARL.JO,Astral Foods,Domestic,
ATT.JO,Attacq,Domestic,
AVI.JO,AVI Limited,Domestic,
BAT.JO,Brait,Mixed,
BHG.JO,BHP Group,Rand Hedge,
BID.JO,Bid Corporation,Rand Hedge,
BLU.JO,Blu Label,Domestic,
BOX.JO,Boxer Retail,Domestic,
BTI.JO,British American Tobacco,Rand Hedge,
BTN.JO,Burstone Group,Mixed,
BVT.JO,Bidvest Group,Domestic,
BYI.JO,Bytes Technology,Rand Hedge,
CAA.JO,CA Sales,Domestic,
CCD.JO,Cell C,Domestic,
CFR.JO,Richemont,Rand Hedge,
CLS.JO,Clicks Group,Domestic,
CML.JO,Coronation Fund Managers,Domestic,
CNP.JO,Canal+,Rand Hedge,
CPI.JO,Capitec,Domestic,
DCP.JO,Dis-Chem,Domestic,
DIB.JO,Dipula Properties,Domestic,
DRD.JO,DRDGOLD,Rand Hedge,
DSY.JO,Discovery,Domestic,
DTC.JO,Datatec,Rand Hedge,
EMI.JO,Emira Property Fund,Domestic,
EQU.JO,Equites Property Fund,Domestic,
EXX.JO,Exxaro Resources,Rand Hedge,
FBR.JO,Famous Brands,Domestic,
FFB.JO,Fortress Real Estate,Mixed,
FSR.JO,FirstRand,Domestic,
FTA.JO,Fairvest,Domestic,
FTB.JO,Fairvest,Domestic,
GFI.JO,Gold Fields,Rand Hedge,
GLN.JO,Glencore,Rand Hedge,
GND.JO,Grindrod,Mixed,
GRT.JO,Growthpoint Properties,Domestic,
HAR.JO,Harmony Gold,Rand Hedge,
HCI.JO,Hosken Consolidated,Domestic,
HMN.JO,Hammerson,Rand Hedge,
HYP.JO,Hyprop Investments,Domestic,
IMP.JO,Impala Platinum,Rand Hedge,
INL.JO,Investec,Mixed,
INP.JO,Investec,Mixed,
ISO.JO,ASP Isotopes,Rand Hedge,
ITE.JO,Italtile,Domestic,
JSE.JO,JSE Ltd,Domestic,
KAP.JO,KAP Limited,Domestic,
KIO.JO,Kumba Iron Ore,Rand Hedge,
KRO.JO,Karooooo,Mixed,
KST.JO,PSG Financial Services,Domestic,
LHC.JO,Life Healthcare,Domestic,
LSK.JO,Lesaka Technologies,Domestic,
LTE.JO,Lighthouse Properties,Rand Hedge,
MKR.JO,Montauk Renewables,Rand Hedge,
MNP.JO,Mondi,Rand Hedge,
MRP.JO,Mr Price Group,Domestic,
MSP.JO,MAS,Rand Hedge,
MTH.JO,Motus,Mixed,
MTM.JO,Momentum Group,Domestic,
MTN.JO,MTN Group,Mixed,
N91.JO,Ninety One,Mixed,
NED.JO,Nedbank,Domestic,
NPH.JO,Northam Platinum,Rand Hedge,
NPN.JO,Naspers,Rand Hedge,
NRP.JO,NEPI Rockcastle,Rand Hedge,
NTC.JO,Netcare,Domestic,
NY1.JO,Ninety One,Mixed,
OCE.JO,Oceana Group,Mixed,
OMN.JO,Omnia,Mixed,
OMU.JO,Old Mutual,Domestic,
OPA.JO,Optasia,Rand Hedge,
OUT.JO,OUTsurance Group,Mixed,
PAN.JO,Pan African Resources,Rand Hedge,
PHP.JO,Primary Health Properties,Rand Hedge,
PIK.JO,Pick n Pay Stores,Domestic,
PMR.JO,Premier Group,Domestic,
PPC.JO,PPC,Domestic,
PPH.JO,Pepkor,Domestic,
PRX.JO,Prosus,Rand Hedge,
PWR.JO,PowerFleet,Rand Hedge,
QLT.JO,Quilter,Rand Hedge,
RBO.JO,Rainbow Chicken,Domestic,
RBX.JO,Raubex,Domestic,
RCL.JO,RCL Foods,Domestic,
RDF.JO,Redefine Properties,Domestic,
REM.JO,Remgro,Mixed,
RES.JO,Resilient REIT,Domestic,
RLO.JO,Reunert,Domestic,
RMH.JO,RMB Holdings,Domestic,
RNI.JO,Reinet Investments,Rand Hedge,
S32.JO,South32,Rand Hedge,
SAC.JO,SA Corporate Real Estate,Domestic,
SAP.JO,Sappi,Rand Hedge,
SBK.JO,Standard Bank,Mixed,
SBP.JO,Sabvest Capital,Mixed,
SDO.JO,Stadio,Domestic,
SEA.JO,Spear REIT,Domestic,
SHC.JO,Shaftesbury Capital,Rand Hedge,
SHP.JO,Shoprite,Domestic,
SLM.JO,Sanlam,Domestic,
SNT.JO,Santam,Domestic,
SOL.JO,Sasol,Mixed,
SPG.JO,Super Group,Mixed,
SPP.JO,SPAR Group,Mixed,
SRE.JO,Sirius Real Estate,Rand Hedge,
SSS.JO,Stor-Age Property REIT,Mixed,
SSU.JO,Southern Sun,Domestic,
SSW.JO,Sibanye-Stillwater,Rand Hedge,
SUI.JO,Sun International,Domestic,
TBS.JO,Tiger Brands,Domestic,
TFG.JO,The Foschini Group,Mixed,
TGA.JO,Thungela Resources,Rand Hedge,
THA.JO,Tharisa,Rand Hedge,
TKG.JO,Telkom,Domestic,
TRU.JO,Truworths International,Mixed,
TSG.JO,Tsogo Sun,Domestic,
VAL.JO,Valterra Platinum,Rand Hedge,
VKE.JO,Vukile Property Fund,Mixed,
VOD.JO,Vodacom,Mixed,
WBC.JO,We Buy Cars,Domestic,
WBO.JO,WBHO,Domestic,
WHL.JO,Woolworths Holdings,Mixed,
WVR.JO,Weaver Fintech,Domestic,
